,Vendor,Model,Current_Price,Time,Date
0,APC,Back-UPS,13775,09.08.2022,15:35:44
1,APC,BR900MI,21388,09.08.2022,15:35:44
2,APC,BVX1600LI-GR,11992,09.08.2022,15:35:44
3,APC,BVX900LI-GR,8565,09.08.2022,15:35:44
4,APC,BX1600MI,19651,09.08.2022,15:35:44
5,APC,BX500CI,6614,09.08.2022,15:35:44
6,APC,BX750MI,10543,09.08.2022,15:35:44
7,APC,BX750MI-GR,11168,09.08.2022,15:35:44
8,APC,BX950MI,14016,09.08.2022,15:35:44
9,APC,SC620I,27796,09.08.2022,15:35:44
10,APC,SMC2000I,73415,09.08.2022,15:35:44
11,APC,SMC3000I,123463,09.08.2022,15:35:44
12,APC,SMC3000RMI2U,156823,09.08.2022,15:35:44
13,APC,SMT1000I,58652,09.08.2022,15:35:44
14,APC,SMT1500I,83500,09.08.2022,15:35:44
15,APC,SMT3000RMI2U,241686,09.08.2022,15:35:44
16,APC,SMX1500RMI2U,118865,09.08.2022,15:35:44
17,APC,SRT1000RMXLI,126885,09.08.2022,15:35:44
18,APC,SRT1000XLI,79355,09.08.2022,15:35:44
19,CyberPower,BR1200ELCD,14418,09.08.2022,15:35:44
20,CyberPower,BR700ELCD,8503,09.08.2022,15:35:44
21,CyberPower,CP900EPFCLCD,13905,09.08.2022,15:35:44
22,CyberPower,OL1000ERTXL2U,91937,09.08.2022,15:35:44
23,CyberPower,OL1500ERTXL2U,98194,09.08.2022,15:35:44
24,CyberPower,OLS1000ERT2UA,47738,09.08.2022,15:35:44
25,CyberPower,OLS2000EC,36161,09.08.2022,15:35:44
26,CyberPower,OLS6000EC,136611,09.08.2022,15:35:44
27,CyberPower,OR1000ELCDRM1U,31304,09.08.2022,15:35:44
28,CyberPower,PLT1000ELCDRT2U,29997,09.08.2022,15:35:44
29,CyberPower,PLT2000ELCDRT2U,40989,09.08.2022,15:35:44
30,CyberPower,PLT3000ELCDRT2U,51202,09.08.2022,15:35:44
31,CyberPower,PR1000ERTXL2U,70069,09.08.2022,15:35:44
32,CyberPower,PR2200ERTXL2U,88638,09.08.2022,15:35:44
33,CyberPower,PR2200ERTXL2UA,118401,09.08.2022,15:35:44
34,CyberPower,PR750ELCD,35949,09.08.2022,15:35:44
35,CyberPower,UTC850EI,4218,09.08.2022,15:35:44
36,CyberPower,VP1000EILCD,8580,09.08.2022,15:35:44
37,CyberPower,VP1200EILCD,14979,09.08.2022,15:35:44
38,CyberPower,VP1200ELCD,16273,09.08.2022,15:35:44
39,CyberPower,VP1600EILCD,16732,09.08.2022,15:35:44
40,DKC,INFO1200S,9048,09.08.2022,15:35:44
41,DKC,INFO600S,4506,09.08.2022,15:35:44
42,DKC,INFO650SI,3277,09.08.2022,15:35:44
43,DKC,INFO800S,5653,09.08.2022,15:35:44
44,DKC,INFOLCD1200I,10414,09.08.2022,15:35:44
45,DKC,INFOLCD1500I,13166,09.08.2022,15:35:44
46,DKC,INFOLCD1500S,13166,09.08.2022,15:35:44
47,DKC,INFOLCD2000SI,16945,09.08.2022,15:35:44
48,DKC,INFOLCD600I,5371,09.08.2022,15:35:44
49,DKC,INFOLCD800I,7024,09.08.2022,15:35:44
50,DKC,INFOPDU600,6396,09.08.2022,15:35:44
51,DKC,INFOPDU800,7150,09.08.2022,15:35:44
52,DKC,INFORPRO1000I,26561,09.08.2022,15:35:44
53,DKC,INFORPRO3000I,51909,09.08.2022,15:35:44
54,DKC,SMALLT3A0PS,44246,09.08.2022,15:35:44
55,Eaton,9E 1000I,26636,09.08.2022,15:35:44
56,Eaton,9SX1000I,37456,09.08.2022,15:35:44
57,Eaton,9SX1000IR,62081,09.08.2022,15:35:44
58,Eaton,9SX2000I,71313,09.08.2022,15:35:44
59,Eaton,9SX2000IR,109120,09.08.2022,15:35:44
60,Eaton,9SX3000I,109245,09.08.2022,15:35:44
61,Eaton,9SX3000IR,140332,09.08.2022,15:35:44
62,Ippon,Back Basic 1050,5090,09.08.2022,15:35:44
63,Ippon,Back Basic 850,3095,09.08.2022,15:35:44
64,Ippon,Back Basic 850S Euro,3915,09.08.2022,15:35:44
65,Ippon,Back Comfo Pro II 1050,10771,09.08.2022,15:35:44
66,Ippon,Back Office 400,2581,09.08.2022,15:35:44
67,Ippon,Back Verso 400,3625,09.08.2022,15:35:44
68,Ippon,Back Verso 600,3955,09.08.2022,15:35:44
69,Ippon,Back Verso 800,4943,09.08.2022,15:35:44
70,Ippon,Innova G2 1000,16381,09.08.2022,15:35:44
71,Ippon,Innova G2 2000,34190,09.08.2022,15:35:44
72,Ippon,Innova RT 1500,43990,09.08.2022,15:35:44
73,Ippon,Innova RT 2000,44620,09.08.2022,15:35:44
74,Ippon,Innova RT 3000,71990,09.08.2022,15:35:44
75,Ippon,Innova RT II 2000,45640,09.08.2022,15:35:44
76,Ippon,Smart Power Pro II 1200 Euro,11590,09.08.2022,15:35:44
77,Ippon,Smart Winner II 1000,22601,09.08.2022,15:35:44
78,Ippon,Smart Winner II 1500 Euro,28336,09.08.2022,15:35:44
79,Ippon,Smart Winner II 1550 1U,37730,09.08.2022,15:35:44
80,Ippon,Smart Winner II 3000,46912,09.08.2022,15:35:44
81,Powercom,IMP-2000AP,13595,09.08.2022,15:35:44
82,Powercom,KIN-1200AP LCD,19970,09.08.2022,15:35:44
83,Powercom,KIN-1500AP LCD,22456,09.08.2022,15:35:44
84,Powercom,MAC-3000,34889,09.08.2022,15:35:44
85,Powercom,Macan MRT-3000SE,44333,09.08.2022,15:35:44
86,Powercom,RPT-1000A,3998,09.08.2022,15:35:44
87,Powercom,RPT-1000AP,4731,09.08.2022,15:35:44
88,Powercom,RPT-1000A EURO,4467,09.08.2022,15:35:44
89,Powercom,RPT-2000AP-LCD,11625,09.08.2022,15:35:44
90,Powercom,RPT-600A,2690,09.08.2022,15:35:44
91,Powercom,RPT-600AP,3460,09.08.2022,15:35:44
92,Powercom,RPT-800A EURO,3572,09.08.2022,15:35:44
93,Powercom,SPD-1000N,5542,09.08.2022,15:35:44
94,Powercom,SPD-1000N,5217,09.08.2022,15:35:44
95,Powercom,SPD-450N,3478,09.08.2022,15:35:44
96,Powercom,SPD-650N,4208,09.08.2022,15:35:44
97,Powercom,SPD-850N,5059,09.08.2022,15:35:44
98,Powercom,SPD-900U LCD,6933,09.08.2022,15:35:44
99,Powercom,SPD-900U LCD USB,7143,09.08.2022,15:35:44
100,Powercom,SPR-2000 LCD,27190,09.08.2022,15:35:44
101,Powercom,SPT-1500-II-LCD,15198,09.08.2022,15:35:44
102,Powercom,WOW-1000U,6509,09.08.2022,15:35:44
103,Powercom,WOW-300,3054,09.08.2022,15:35:44
104,Powercom,WOW-500U,4094,09.08.2022,15:35:44
105,Powercom,WOW-700U,4544,09.08.2022,15:35:44
106,Sven,Pro 1500,7677,09.08.2022,15:35:44
107,Sven,Pro 400,2895,09.08.2022,15:35:44
108,Sven,Pro 600,3542,09.08.2022,15:35:44
109,Sven,Pro 650,3740,09.08.2022,15:35:44
110,Sven,Pro 800,3921,09.08.2022,15:35:44
111,Sven,RT-1000,10654,09.08.2022,15:35:44
112,Sven,RT-500,7155,09.08.2022,15:35:44
113,Sven,UP-L1000E,4682,09.08.2022,15:35:44
114,APC,SC420I,16578,09.08.2022,15:35:44
115,APC,SMC2000I-2U,135948,09.08.2022,15:35:44
116,APC,SMT1500RMI1U,119140,09.08.2022,15:35:44
117,APC,SMT2200RMI2U,186705,09.08.2022,15:35:44
118,APC,SMT750RMI2UNC,103926,09.08.2022,15:35:44
119,APC,SMX3000HV,181849,09.08.2022,15:35:44
120,APC,SMX3000RMHV2UNC,247552,09.08.2022,15:35:44
121,APC,SMX750I,81689,09.08.2022,15:35:44
122,APC,SMX750INC,89111,09.08.2022,15:35:44
123,APC,SRT1000UXI-LI+XBP48RM1U-LI,195121,09.08.2022,15:35:44
124,APC,SRT2200XLI,193349,09.08.2022,15:35:44
125,APC,SRTG15KXLI,1171575,09.08.2022,15:35:44
126,APC,SUA750RMI1U,54931,09.08.2022,15:35:44
127,APC,SURT1000XLIM,160718,09.08.2022,15:35:44
128,CyberPower,BR1000ELCD,10210,09.08.2022,15:35:44
129,CyberPower,BS650E,5610,09.08.2022,15:35:44
130,CyberPower,BS650E NEW,5947,09.08.2022,15:35:44
131,CyberPower,BS850E,7400,09.08.2022,15:35:44
132,CyberPower,BS850E NEW,6675,09.08.2022,15:35:44
133,CyberPower,BU725E,3478,09.08.2022,15:35:44
134,CyberPower,OL10KERT3UPM,277449,09.08.2022,15:35:44
135,CyberPower,OL2000ERTXL2U,124262,09.08.2022,15:35:44
136,CyberPower,OL5KERTHD,239379,09.08.2022,15:35:44
137,CyberPower,OL6KERT3UPM,221483,09.08.2022,15:35:44
138,CyberPower,OL6KERTHD,278180,09.08.2022,15:35:44
139,CyberPower,OLS6000ERT6Ua,183878,09.08.2022,15:35:44
140,CyberPower,OR600ERM1U,20663,09.08.2022,15:35:44
141,CyberPower,PR1000ELCDRTXL2U,73828,09.08.2022,15:35:44
142,CyberPower,PR1500ERTXL2U,80790,09.08.2022,15:35:44
143,CyberPower,PR6000ELCDRTXL5U,297218,09.08.2022,15:35:44
144,CyberPower,SMP350EI,6956,09.08.2022,15:35:44
145,CyberPower,SMP550EI,7906,09.08.2022,15:35:44
146,CyberPower,UT1100EIG,6250,09.08.2022,15:35:44
147,CyberPower,UT1500EI,8700,09.08.2022,15:35:44
148,CyberPower,UT650EG,3254,09.08.2022,15:35:44
149,CyberPower,UT650EIG,3484,09.08.2022,15:35:44
150,CyberPower,UT850EG,4282,09.08.2022,15:35:44
151,CyberPower,UT850EIG,4208,09.08.2022,15:35:44
152,CyberPower,UTC650E,2433,09.08.2022,15:35:44
153,CyberPower,UTC650EI,2290,09.08.2022,15:35:44
154,CyberPower,UTI675E,2544,09.08.2022,15:35:44
155,CyberPower,UTI675EI,2693,09.08.2022,15:35:44
156,CyberPower,UTI875E,3564,09.08.2022,15:35:44
157,CyberPower,UTI875EI,3564,09.08.2022,15:35:44
158,CyberPower,VALUE 1200EILCD,13561,09.08.2022,15:35:44
159,CyberPower,VALUE 600EI,3670,09.08.2022,15:35:44
160,CyberPower,VALUE 600EI,3703,09.08.2022,15:35:44
161,CyberPower,VP1000ELCD,9130,09.08.2022,15:35:44
162,CyberPower,VP700EILCD,8599,09.08.2022,15:35:44
163,CyberPower,VP700ELCD,9110,09.08.2022,15:35:44
164,Delta,AMPLON,107824,09.08.2022,15:35:44
165,Delta,AMPLON RT,102705,09.08.2022,15:35:44
166,Delta,Electronics Amplon MX,34960,09.08.2022,15:35:44
167,Delta,Electronics Amplon RT 10,263437,09.08.2022,15:35:44
168,Delta,Electronics UPS102R2RT2B035,48148,09.08.2022,15:35:44
169,Delta,UPS103R2RT2N035,135332,09.08.2022,15:35:44
170,DKC,SMALLR1A5I,34904,09.08.2022,15:35:44
171,DKC,SMALLR2A5I,59038,09.08.2022,15:35:44
172,DKC,SMALLR3A5I,70192,09.08.2022,15:35:44
173,DKC,SMALLT2A10S,47403,09.08.2022,15:35:44
174,DKC,SOLOMD10A10,492863,09.08.2022,15:35:44
175,DKC,SOLOMD5A10,328246,09.08.2022,15:35:44
176,DKC,SOLOMD6A10,362134,09.08.2022,15:35:44
177,Eaton,9SX1500I,55491,09.08.2022,15:35:44
178,Eaton,9SX700I,31907,09.08.2022,15:35:44
179,Ippon,Back Basic 1500,10733,09.08.2022,15:35:44
180,Ippon,Back Basic 650,2407,09.08.2022,15:35:44
181,Ippon,Back Office 600,3142,09.08.2022,15:35:44
182,Ippon,Back Power Pro II Euro 650,5296,09.08.2022,15:35:44
183,Ippon,Innova RT II 1000,27800,09.08.2022,15:35:44
184,Ippon,Innova RT II 1500,36510,09.08.2022,15:35:44
185,Ippon,Smart Winner II 1150 1U,22320,09.08.2022,15:35:44
186,Ippon,Smart Winner II 2000E,35913,09.08.2022,15:35:44
187,Powercom,IMD-1025AP,9763,09.08.2022,15:35:44
188,Powercom,IMD-1200AP,11501,09.08.2022,15:35:44
189,Powercom,IMD-1500AP,14024,09.08.2022,15:35:44
190,Powercom,IMD-2000AP,16023,09.08.2022,15:35:44
191,Powercom,IMD-3000AP,42763,09.08.2022,15:35:44
192,Powercom,IMD-525AP,5386,09.08.2022,15:35:44
193,Powercom,IMD-625AP,6269,09.08.2022,15:35:44
194,Powercom,IMD-825AP,8115,09.08.2022,15:35:44
195,Powercom,IMP-1025AP,10918,09.08.2022,15:35:44
196,Powercom,IMP-1500AP,13498,09.08.2022,15:35:44
197,Powercom,IMP-3000AP,24534,09.08.2022,15:35:44
198,Powercom,IMP-625AP,5553,09.08.2022,15:35:44
199,Powercom,IMP-825AP,7153,09.08.2022,15:35:44
200,Powercom,INF-1100,10827,09.08.2022,15:35:44
201,Powercom,INF-1500,12118,09.08.2022,15:35:44
202,Powercom,INF-500,8021,09.08.2022,15:35:44
203,Powercom,INF-800,9481,09.08.2022,15:35:44
204,Powercom,KIN-1000AP RM,16322,09.08.2022,15:35:44
205,Powercom,KIN-600AP RM (1U),14880,09.08.2022,15:35:44
206,Powercom,MAC-1000,18840,09.08.2022,15:35:44
207,Powercom,MAC-1500,27721,09.08.2022,15:35:44
208,Powercom,MAC-2000,29789,09.08.2022,15:35:44
209,Powercom,MRT-2000SE,42026,09.08.2022,15:35:44
210,Powercom,RPT-1000AP EURO,5442,09.08.2022,15:35:44
211,Powercom,RPT-1025AP,7500,09.08.2022,15:35:44
212,Powercom,RPT-1500AP,8527,09.08.2022,15:35:44
213,Powercom,RPT-2000AP,9760,09.08.2022,15:35:44
214,Powercom,RPT-600A,2692,09.08.2022,15:35:44
215,Powercom,RPT-800A,3141,09.08.2022,15:35:44
216,Powercom,RPT-800AP,3711,09.08.2022,15:35:44
217,Powercom,SMART KING PRO+,18020,09.08.2022,15:35:44
218,Powercom,SNT-1000,31332,09.08.2022,15:35:44
219,Powercom,SNT-3000,54153,09.08.2022,15:35:44
220,Powercom,SPD-1000U,7739,09.08.2022,15:35:44
221,Powercom,SPD-1100U LCD,8066,09.08.2022,15:35:44
222,Powercom,SPD-450N,3819,09.08.2022,15:35:44
223,Powercom,SPD-550U LCD,5498,09.08.2022,15:35:44
224,Powercom,SPD-550U LCD USB,5609,09.08.2022,15:35:44
225,Powercom,SPD-650U,6338,09.08.2022,15:35:44
226,Powercom,SPD-750U LCD,6368,09.08.2022,15:35:44
227,Powercom,SPD-750U LCD USB,6324,09.08.2022,15:35:44
228,Powercom,SPR-1000 LCD,17280,09.08.2022,15:35:44
229,Powercom,SPR-1500 LCD,18800,09.08.2022,15:35:44
230,Powercom,SPR-3000 LCD,35970,09.08.2022,15:35:44
231,Powercom,SPT-1000-II-LCD,13500,09.08.2022,15:35:44
232,Powercom,SPT-3000-II LCD,28720,09.08.2022,15:35:44
233,Powercom,SPT-500-II,8476,09.08.2022,15:35:44
234,Powercom,SRT-1000A LCD,21262,09.08.2022,15:35:44
235,Powercom,SRT-1500A LCD,27810,09.08.2022,15:35:44
236,Powercom,SRT-2000A LCD,31384,09.08.2022,15:35:44
237,Powercom,SRT-3000A LCD,39435,09.08.2022,15:35:44
238,Powercom,VRT-10K,132610,09.08.2022,15:35:44
239,Sven,Pro 1000,5800,09.08.2022,15:35:44
240,APC,Back-UPS,13775,10.08.2022,15:37:55
241,APC,BR900MI,21388,10.08.2022,15:37:55
242,APC,BVX1600LI-GR,11992,10.08.2022,15:37:55
243,APC,BVX900LI-GR,8565,10.08.2022,15:37:55
244,APC,BX1600MI,19651,10.08.2022,15:37:55
245,APC,BX500CI,6614,10.08.2022,15:37:55
246,APC,BX750MI,10543,10.08.2022,15:37:55
247,APC,BX750MI-GR,11168,10.08.2022,15:37:55
248,APC,BX950MI,14016,10.08.2022,15:37:55
249,APC,SC620I,27796,10.08.2022,15:37:55
250,APC,SMC2000I,73415,10.08.2022,15:37:55
251,APC,SMC3000I,123463,10.08.2022,15:37:55
252,APC,SMC3000RMI2U,156823,10.08.2022,15:37:55
253,APC,SMT1000I,58652,10.08.2022,15:37:55
254,APC,SMT1500I,83500,10.08.2022,15:37:55
255,APC,SMT3000RMI2U,241686,10.08.2022,15:37:55
256,APC,SMX1500RMI2U,118865,10.08.2022,15:37:55
257,APC,SRT1000RMXLI,126885,10.08.2022,15:37:55
258,APC,SRT1000XLI,79355,10.08.2022,15:37:55
259,CyberPower,BR1200ELCD,14418,10.08.2022,15:37:55
260,CyberPower,BR700ELCD,8503,10.08.2022,15:37:55
261,CyberPower,CP900EPFCLCD,13905,10.08.2022,15:37:55
262,CyberPower,OL1000ERTXL2U,91937,10.08.2022,15:37:55
263,CyberPower,OL1500ERTXL2U,98194,10.08.2022,15:37:55
264,CyberPower,OLS1000ERT2UA,47738,10.08.2022,15:37:55
265,CyberPower,OLS2000EC,36161,10.08.2022,15:37:55
266,CyberPower,OLS6000EC,136611,10.08.2022,15:37:55
267,CyberPower,OR1000ELCDRM1U,31304,10.08.2022,15:37:55
268,CyberPower,PLT1000ELCDRT2U,29997,10.08.2022,15:37:55
269,CyberPower,PLT2000ELCDRT2U,40989,10.08.2022,15:37:55
270,CyberPower,PLT3000ELCDRT2U,51202,10.08.2022,15:37:55
271,CyberPower,PR1000ERTXL2U,70069,10.08.2022,15:37:55
272,CyberPower,PR2200ERTXL2U,88638,10.08.2022,15:37:55
273,CyberPower,PR2200ERTXL2UA,118401,10.08.2022,15:37:55
274,CyberPower,PR750ELCD,35949,10.08.2022,15:37:55
275,CyberPower,UTC850EI,4218,10.08.2022,15:37:55
276,CyberPower,VP1000EILCD,8580,10.08.2022,15:37:55
277,CyberPower,VP1200EILCD,14979,10.08.2022,15:37:55
278,CyberPower,VP1200ELCD,16273,10.08.2022,15:37:55
279,CyberPower,VP1600EILCD,16732,10.08.2022,15:37:55
280,DKC,INFO1200S,9048,10.08.2022,15:37:55
281,DKC,INFO600S,4506,10.08.2022,15:37:55
282,DKC,INFO650SI,3277,10.08.2022,15:37:55
283,DKC,INFO800S,5653,10.08.2022,15:37:55
284,DKC,INFOLCD1200I,10414,10.08.2022,15:37:55
285,DKC,INFOLCD1500I,13166,10.08.2022,15:37:55
286,DKC,INFOLCD1500S,13166,10.08.2022,15:37:55
287,DKC,INFOLCD2000SI,16945,10.08.2022,15:37:55
288,DKC,INFOLCD600I,5371,10.08.2022,15:37:55
289,DKC,INFOLCD800I,7024,10.08.2022,15:37:55
290,DKC,INFOPDU600,6396,10.08.2022,15:37:55
291,DKC,INFOPDU800,7150,10.08.2022,15:37:55
292,DKC,INFORPRO1000I,26561,10.08.2022,15:37:55
293,DKC,INFORPRO3000I,51909,10.08.2022,15:37:55
294,DKC,SMALLT3A0PS,44246,10.08.2022,15:37:55
295,Eaton,9E 1000I,26636,10.08.2022,15:37:55
296,Eaton,9SX1000I,37456,10.08.2022,15:37:55
297,Eaton,9SX1000IR,62081,10.08.2022,15:37:55
298,Eaton,9SX2000I,71313,10.08.2022,15:37:55
299,Eaton,9SX2000IR,109120,10.08.2022,15:37:55
300,Eaton,9SX3000I,109245,10.08.2022,15:37:55
301,Eaton,9SX3000IR,140332,10.08.2022,15:37:55
302,Ippon,Back Basic 1050,5090,10.08.2022,15:37:55
303,Ippon,Back Basic 850,3095,10.08.2022,15:37:55
304,Ippon,Back Basic 850S Euro,3915,10.08.2022,15:37:55
305,Ippon,Back Comfo Pro II 1050,10771,10.08.2022,15:37:55
306,Ippon,Back Office 400,2581,10.08.2022,15:37:55
307,Ippon,Back Verso 400,3625,10.08.2022,15:37:55
308,Ippon,Back Verso 600,3955,10.08.2022,15:37:55
309,Ippon,Back Verso 800,4943,10.08.2022,15:37:55
310,Ippon,Innova G2 1000,16381,10.08.2022,15:37:55
311,Ippon,Innova G2 2000,34190,10.08.2022,15:37:55
312,Ippon,Innova RT 1500,43990,10.08.2022,15:37:55
313,Ippon,Innova RT 2000,44620,10.08.2022,15:37:55
314,Ippon,Innova RT 3000,71990,10.08.2022,15:37:55
315,Ippon,Innova RT II 2000,45640,10.08.2022,15:37:55
316,Ippon,Smart Power Pro II 1200 Euro,11590,10.08.2022,15:37:55
317,Ippon,Smart Winner II 1000,22601,10.08.2022,15:37:55
318,Ippon,Smart Winner II 1500 Euro,28336,10.08.2022,15:37:55
319,Ippon,Smart Winner II 1550 1U,37730,10.08.2022,15:37:55
320,Ippon,Smart Winner II 3000,46912,10.08.2022,15:37:55
321,Powercom,IMP-2000AP,13595,10.08.2022,15:37:55
322,Powercom,KIN-1200AP LCD,19970,10.08.2022,15:37:55
323,Powercom,KIN-1500AP LCD,22456,10.08.2022,15:37:55
324,Powercom,MAC-3000,34889,10.08.2022,15:37:55
325,Powercom,Macan MRT-3000SE,44333,10.08.2022,15:37:55
326,Powercom,RPT-1000A,3998,10.08.2022,15:37:55
327,Powercom,RPT-1000AP,4731,10.08.2022,15:37:55
328,Powercom,RPT-1000A EURO,4467,10.08.2022,15:37:55
329,Powercom,RPT-2000AP-LCD,11625,10.08.2022,15:37:55
330,Powercom,RPT-600A,2690,10.08.2022,15:37:55
331,Powercom,RPT-600AP,3460,10.08.2022,15:37:55
332,Powercom,RPT-800A EURO,3572,10.08.2022,15:37:55
333,Powercom,SPD-1000N,5542,10.08.2022,15:37:55
334,Powercom,SPD-1000N,5217,10.08.2022,15:37:55
335,Powercom,SPD-450N,3478,10.08.2022,15:37:55
336,Powercom,SPD-650N,4208,10.08.2022,15:37:55
337,Powercom,SPD-850N,5059,10.08.2022,15:37:55
338,Powercom,SPD-900U LCD,6933,10.08.2022,15:37:55
339,Powercom,SPD-900U LCD USB,7143,10.08.2022,15:37:55
340,Powercom,SPR-2000 LCD,27190,10.08.2022,15:37:55
341,Powercom,SPT-1500-II-LCD,15198,10.08.2022,15:37:55
342,Powercom,WOW-1000U,6509,10.08.2022,15:37:55
343,Powercom,WOW-300,3054,10.08.2022,15:37:55
344,Powercom,WOW-500U,4094,10.08.2022,15:37:55
345,Powercom,WOW-700U,4544,10.08.2022,15:37:55
346,Sven,Pro 1500,7677,10.08.2022,15:37:55
347,Sven,Pro 400,2895,10.08.2022,15:37:55
348,Sven,Pro 600,3542,10.08.2022,15:37:55
349,Sven,Pro 650,3740,10.08.2022,15:37:55
350,Sven,Pro 800,3921,10.08.2022,15:37:55
351,Sven,RT-1000,10654,10.08.2022,15:37:55
352,Sven,RT-500,7155,10.08.2022,15:37:55
353,Sven,UP-L1000E,4682,10.08.2022,15:37:55
354,APC,SC420I,16578,10.08.2022,15:37:55
355,APC,SMC2000I-2U,135948,10.08.2022,15:37:55
356,APC,SMT1500RMI1U,119140,10.08.2022,15:37:55
357,APC,SMT2200RMI2U,186705,10.08.2022,15:37:55
358,APC,SMT750RMI2UNC,103926,10.08.2022,15:37:55
359,APC,SMX3000HV,181849,10.08.2022,15:37:55
360,APC,SMX3000RMHV2UNC,247552,10.08.2022,15:37:55
361,APC,SMX750I,81689,10.08.2022,15:37:55
362,APC,SMX750INC,89111,10.08.2022,15:37:55
363,APC,SRT1000UXI-LI+XBP48RM1U-LI,195121,10.08.2022,15:37:55
364,APC,SRT2200XLI,193349,10.08.2022,15:37:55
365,APC,SRTG15KXLI,1171575,10.08.2022,15:37:55
366,APC,SUA750RMI1U,54931,10.08.2022,15:37:55
367,APC,SURT1000XLIM,160718,10.08.2022,15:37:55
368,CyberPower,BR1000ELCD,10210,10.08.2022,15:37:55
369,CyberPower,BS650E,5610,10.08.2022,15:37:55
370,CyberPower,BS650E NEW,5947,10.08.2022,15:37:55
371,CyberPower,BS850E,7400,10.08.2022,15:37:55
372,CyberPower,BS850E NEW,6675,10.08.2022,15:37:55
373,CyberPower,BU725E,3478,10.08.2022,15:37:55
374,CyberPower,OL10KERT3UPM,277449,10.08.2022,15:37:55
375,CyberPower,OL2000ERTXL2U,124262,10.08.2022,15:37:55
376,CyberPower,OL5KERTHD,239379,10.08.2022,15:37:55
377,CyberPower,OL6KERT3UPM,221483,10.08.2022,15:37:55
378,CyberPower,OL6KERTHD,278180,10.08.2022,15:37:55
379,CyberPower,OLS6000ERT6Ua,183878,10.08.2022,15:37:55
380,CyberPower,OR600ERM1U,20663,10.08.2022,15:37:55
381,CyberPower,PR1000ELCDRTXL2U,73828,10.08.2022,15:37:55
382,CyberPower,PR1500ERTXL2U,80790,10.08.2022,15:37:55
383,CyberPower,PR6000ELCDRTXL5U,297218,10.08.2022,15:37:55
384,CyberPower,SMP350EI,6956,10.08.2022,15:37:55
385,CyberPower,SMP550EI,7906,10.08.2022,15:37:55
386,CyberPower,UT1100EIG,6250,10.08.2022,15:37:55
387,CyberPower,UT1500EI,8700,10.08.2022,15:37:55
388,CyberPower,UT650EG,3254,10.08.2022,15:37:55
389,CyberPower,UT650EIG,3484,10.08.2022,15:37:55
390,CyberPower,UT850EG,4282,10.08.2022,15:37:55
391,CyberPower,UT850EIG,4208,10.08.2022,15:37:55
392,CyberPower,UTC650E,2433,10.08.2022,15:37:55
393,CyberPower,UTC650EI,2290,10.08.2022,15:37:55
394,CyberPower,UTI675E,2544,10.08.2022,15:37:55
395,CyberPower,UTI675EI,2693,10.08.2022,15:37:55
396,CyberPower,UTI875E,3564,10.08.2022,15:37:55
397,CyberPower,UTI875EI,3564,10.08.2022,15:37:55
398,CyberPower,VALUE 1200EILCD,13561,10.08.2022,15:37:55
399,CyberPower,VALUE 600EI,3670,10.08.2022,15:37:55
400,CyberPower,VALUE 600EI,3703,10.08.2022,15:37:55
401,CyberPower,VP1000ELCD,9130,10.08.2022,15:37:55
402,CyberPower,VP700EILCD,8599,10.08.2022,15:37:55
403,CyberPower,VP700ELCD,9110,10.08.2022,15:37:55
404,Delta,AMPLON,107824,10.08.2022,15:37:55
405,Delta,AMPLON RT,102705,10.08.2022,15:37:55
406,Delta,Electronics Amplon MX,34960,10.08.2022,15:37:55
407,Delta,Electronics Amplon RT 10,263437,10.08.2022,15:37:55
408,Delta,Electronics UPS102R2RT2B035,48148,10.08.2022,15:37:55
409,Delta,UPS103R2RT2N035,135332,10.08.2022,15:37:55
410,DKC,SMALLR1A5I,34904,10.08.2022,15:37:55
411,DKC,SMALLR2A5I,59038,10.08.2022,15:37:55
412,DKC,SMALLR3A5I,70192,10.08.2022,15:37:55
413,DKC,SMALLT2A10S,47403,10.08.2022,15:37:55
414,DKC,SOLOMD10A10,492863,10.08.2022,15:37:55
415,DKC,SOLOMD5A10,328246,10.08.2022,15:37:55
416,DKC,SOLOMD6A10,362134,10.08.2022,15:37:55
417,Eaton,9SX1500I,55491,10.08.2022,15:37:55
418,Eaton,9SX700I,31907,10.08.2022,15:37:55
419,Ippon,Back Basic 1500,10733,10.08.2022,15:37:55
420,Ippon,Back Basic 650,2407,10.08.2022,15:37:55
421,Ippon,Back Office 600,3142,10.08.2022,15:37:55
422,Ippon,Back Power Pro II Euro 650,5296,10.08.2022,15:37:55
423,Ippon,Innova RT II 1000,27800,10.08.2022,15:37:55
424,Ippon,Innova RT II 1500,36510,10.08.2022,15:37:55
425,Ippon,Smart Winner II 1150 1U,22320,10.08.2022,15:37:55
426,Ippon,Smart Winner II 2000E,35913,10.08.2022,15:37:55
427,Powercom,IMD-1025AP,9763,10.08.2022,15:37:55
428,Powercom,IMD-1200AP,11501,10.08.2022,15:37:55
429,Powercom,IMD-1500AP,14024,10.08.2022,15:37:55
430,Powercom,IMD-2000AP,16023,10.08.2022,15:37:55
431,Powercom,IMD-3000AP,42763,10.08.2022,15:37:55
432,Powercom,IMD-525AP,5386,10.08.2022,15:37:55
433,Powercom,IMD-625AP,6269,10.08.2022,15:37:55
434,Powercom,IMD-825AP,8115,10.08.2022,15:37:55
435,Powercom,IMP-1025AP,10918,10.08.2022,15:37:55
436,Powercom,IMP-1500AP,13498,10.08.2022,15:37:55
437,Powercom,IMP-3000AP,24534,10.08.2022,15:37:55
438,Powercom,IMP-625AP,5553,10.08.2022,15:37:55
439,Powercom,IMP-825AP,7153,10.08.2022,15:37:55
440,Powercom,INF-1100,10827,10.08.2022,15:37:55
441,Powercom,INF-1500,12118,10.08.2022,15:37:55
442,Powercom,INF-500,8021,10.08.2022,15:37:55
443,Powercom,INF-800,9481,10.08.2022,15:37:55
444,Powercom,KIN-1000AP RM,16322,10.08.2022,15:37:55
445,Powercom,KIN-600AP RM (1U),14880,10.08.2022,15:37:55
446,Powercom,MAC-1000,18840,10.08.2022,15:37:55
447,Powercom,MAC-1500,27721,10.08.2022,15:37:55
448,Powercom,MAC-2000,29789,10.08.2022,15:37:55
449,Powercom,MRT-2000SE,42026,10.08.2022,15:37:55
450,Powercom,RPT-1000AP EURO,5442,10.08.2022,15:37:55
451,Powercom,RPT-1025AP,7500,10.08.2022,15:37:55
452,Powercom,RPT-1500AP,8527,10.08.2022,15:37:55
453,Powercom,RPT-2000AP,9760,10.08.2022,15:37:55
454,Powercom,RPT-600A,2692,10.08.2022,15:37:55
455,Powercom,RPT-800A,3141,10.08.2022,15:37:55
456,Powercom,RPT-800AP,3711,10.08.2022,15:37:55
457,Powercom,SMART KING PRO+,18020,10.08.2022,15:37:55
458,Powercom,SNT-1000,31332,10.08.2022,15:37:55
459,Powercom,SNT-3000,54153,10.08.2022,15:37:55
460,Powercom,SPD-1000U,7739,10.08.2022,15:37:55
461,Powercom,SPD-1100U LCD,8066,10.08.2022,15:37:55
462,Powercom,SPD-450N,3819,10.08.2022,15:37:55
463,Powercom,SPD-550U LCD,5498,10.08.2022,15:37:55
464,Powercom,SPD-550U LCD USB,5609,10.08.2022,15:37:55
465,Powercom,SPD-650U,6338,10.08.2022,15:37:55
466,Powercom,SPD-750U LCD,6368,10.08.2022,15:37:55
467,Powercom,SPD-750U LCD USB,6324,10.08.2022,15:37:55
468,Powercom,SPR-1000 LCD,17280,10.08.2022,15:37:55
469,Powercom,SPR-1500 LCD,18800,10.08.2022,15:37:55
470,Powercom,SPR-3000 LCD,35970,10.08.2022,15:37:55
471,Powercom,SPT-1000-II-LCD,13500,10.08.2022,15:37:55
472,Powercom,SPT-3000-II LCD,28720,10.08.2022,15:37:55
473,Powercom,SPT-500-II,8476,10.08.2022,15:37:55
474,Powercom,SRT-1000A LCD,21262,10.08.2022,15:37:55
475,Powercom,SRT-1500A LCD,27810,10.08.2022,15:37:55
476,Powercom,SRT-2000A LCD,31384,10.08.2022,15:37:55
477,Powercom,SRT-3000A LCD,39435,10.08.2022,15:37:55
478,Powercom,VRT-10K,132610,10.08.2022,15:37:55
479,Sven,Pro 1000,5800,10.08.2022,15:37:55
480,APC,Back-UPS,13775,11.08.2022,15:39:54
481,APC,BR900MI,21388,11.08.2022,15:39:54
482,APC,BVX1600LI-GR,11992,11.08.2022,15:39:54
483,APC,BVX900LI-GR,8565,11.08.2022,15:39:54
484,APC,BX1600MI,19651,11.08.2022,15:39:54
485,APC,BX500CI,6614,11.08.2022,15:39:54
486,APC,BX750MI,10543,11.08.2022,15:39:54
487,APC,BX750MI-GR,11168,11.08.2022,15:39:54
488,APC,BX950MI,14016,11.08.2022,15:39:54
489,APC,SC620I,27796,11.08.2022,15:39:54
490,APC,SMC2000I,73415,11.08.2022,15:39:54
491,APC,SMC3000I,123463,11.08.2022,15:39:54
492,APC,SMC3000RMI2U,156823,11.08.2022,15:39:54
493,APC,SMT1000I,58652,11.08.2022,15:39:54
494,APC,SMT1500I,83500,11.08.2022,15:39:54
495,APC,SMT3000RMI2U,241686,11.08.2022,15:39:54
496,APC,SMX1500RMI2U,118865,11.08.2022,15:39:54
497,APC,SRT1000RMXLI,126885,11.08.2022,15:39:54
498,APC,SRT1000XLI,79355,11.08.2022,15:39:54
499,CyberPower,BR1200ELCD,14418,11.08.2022,15:39:54
500,CyberPower,BR700ELCD,8503,11.08.2022,15:39:54
501,CyberPower,CP900EPFCLCD,13905,11.08.2022,15:39:54
502,CyberPower,OL1000ERTXL2U,91937,11.08.2022,15:39:54
503,CyberPower,OL1500ERTXL2U,98194,11.08.2022,15:39:54
504,CyberPower,OLS1000ERT2UA,47738,11.08.2022,15:39:54
505,CyberPower,OLS2000EC,36161,11.08.2022,15:39:54
506,CyberPower,OLS6000EC,136611,11.08.2022,15:39:54
507,CyberPower,OR1000ELCDRM1U,31304,11.08.2022,15:39:54
508,CyberPower,PLT1000ELCDRT2U,29997,11.08.2022,15:39:54
509,CyberPower,PLT2000ELCDRT2U,40989,11.08.2022,15:39:54
510,CyberPower,PLT3000ELCDRT2U,51202,11.08.2022,15:39:54
511,CyberPower,PR1000ERTXL2U,70069,11.08.2022,15:39:54
512,CyberPower,PR2200ERTXL2U,88638,11.08.2022,15:39:54
513,CyberPower,PR2200ERTXL2UA,118401,11.08.2022,15:39:54
514,CyberPower,PR750ELCD,35949,11.08.2022,15:39:54
515,CyberPower,UTC850EI,4218,11.08.2022,15:39:54
516,CyberPower,VP1000EILCD,8580,11.08.2022,15:39:54
517,CyberPower,VP1200EILCD,14979,11.08.2022,15:39:54
518,CyberPower,VP1200ELCD,16273,11.08.2022,15:39:54
519,CyberPower,VP1600EILCD,16732,11.08.2022,15:39:54
520,DKC,INFO1200S,9048,11.08.2022,15:39:54
521,DKC,INFO600S,4506,11.08.2022,15:39:54
522,DKC,INFO650SI,3277,11.08.2022,15:39:54
523,DKC,INFO800S,5653,11.08.2022,15:39:54
524,DKC,INFOLCD1200I,10414,11.08.2022,15:39:54
525,DKC,INFOLCD1500I,13166,11.08.2022,15:39:54
526,DKC,INFOLCD1500S,13166,11.08.2022,15:39:54
527,DKC,INFOLCD2000SI,16945,11.08.2022,15:39:54
528,DKC,INFOLCD600I,5371,11.08.2022,15:39:54
529,DKC,INFOLCD800I,7024,11.08.2022,15:39:54
530,DKC,INFOPDU600,6396,11.08.2022,15:39:54
531,DKC,INFOPDU800,7150,11.08.2022,15:39:54
532,DKC,INFORPRO1000I,26561,11.08.2022,15:39:54
533,DKC,INFORPRO3000I,51909,11.08.2022,15:39:54
534,DKC,SMALLT3A0PS,44246,11.08.2022,15:39:54
535,Eaton,9E 1000I,26636,11.08.2022,15:39:54
536,Eaton,9SX1000I,37456,11.08.2022,15:39:54
537,Eaton,9SX1000IR,62081,11.08.2022,15:39:54
538,Eaton,9SX2000I,71313,11.08.2022,15:39:54
539,Eaton,9SX2000IR,109120,11.08.2022,15:39:54
540,Eaton,9SX3000I,109245,11.08.2022,15:39:54
541,Eaton,9SX3000IR,140332,11.08.2022,15:39:54
542,Ippon,Back Basic 1050,5090,11.08.2022,15:39:54
543,Ippon,Back Basic 850,3095,11.08.2022,15:39:54
544,Ippon,Back Basic 850S Euro,3915,11.08.2022,15:39:54
545,Ippon,Back Comfo Pro II 1050,10771,11.08.2022,15:39:54
546,Ippon,Back Office 400,2581,11.08.2022,15:39:54
547,Ippon,Back Verso 400,3625,11.08.2022,15:39:54
548,Ippon,Back Verso 600,3955,11.08.2022,15:39:54
549,Ippon,Back Verso 800,4943,11.08.2022,15:39:54
550,Ippon,Innova G2 1000,16381,11.08.2022,15:39:54
551,Ippon,Innova G2 2000,34190,11.08.2022,15:39:54
552,Ippon,Innova RT 1500,43990,11.08.2022,15:39:54
553,Ippon,Innova RT 2000,44620,11.08.2022,15:39:54
554,Ippon,Innova RT 3000,71990,11.08.2022,15:39:54
555,Ippon,Innova RT II 2000,45640,11.08.2022,15:39:54
556,Ippon,Smart Power Pro II 1200 Euro,11590,11.08.2022,15:39:54
557,Ippon,Smart Winner II 1000,22601,11.08.2022,15:39:54
558,Ippon,Smart Winner II 1500 Euro,28336,11.08.2022,15:39:54
559,Ippon,Smart Winner II 1550 1U,37730,11.08.2022,15:39:54
560,Ippon,Smart Winner II 3000,46912,11.08.2022,15:39:54
561,Powercom,IMP-2000AP,13595,11.08.2022,15:39:54
562,Powercom,KIN-1200AP LCD,19970,11.08.2022,15:39:54
563,Powercom,KIN-1500AP LCD,22456,11.08.2022,15:39:54
564,Powercom,MAC-3000,34889,11.08.2022,15:39:54
565,Powercom,Macan MRT-3000SE,44333,11.08.2022,15:39:54
566,Powercom,RPT-1000A,3998,11.08.2022,15:39:54
567,Powercom,RPT-1000AP,4731,11.08.2022,15:39:54
568,Powercom,RPT-1000A EURO,4467,11.08.2022,15:39:54
569,Powercom,RPT-2000AP-LCD,11625,11.08.2022,15:39:54
570,Powercom,RPT-600A,2690,11.08.2022,15:39:54
571,Powercom,RPT-600AP,3460,11.08.2022,15:39:54
572,Powercom,RPT-800A EURO,3572,11.08.2022,15:39:54
573,Powercom,SPD-1000N,5542,11.08.2022,15:39:54
574,Powercom,SPD-1000N,5217,11.08.2022,15:39:54
575,Powercom,SPD-450N,3478,11.08.2022,15:39:54
576,Powercom,SPD-650N,4208,11.08.2022,15:39:54
577,Powercom,SPD-850N,5059,11.08.2022,15:39:54
578,Powercom,SPD-900U LCD,6933,11.08.2022,15:39:54
579,Powercom,SPD-900U LCD USB,7143,11.08.2022,15:39:54
580,Powercom,SPR-2000 LCD,27190,11.08.2022,15:39:54
581,Powercom,SPT-1500-II-LCD,15198,11.08.2022,15:39:54
582,Powercom,WOW-1000U,6509,11.08.2022,15:39:54
583,Powercom,WOW-300,3054,11.08.2022,15:39:54
584,Powercom,WOW-500U,4094,11.08.2022,15:39:54
585,Powercom,WOW-700U,4544,11.08.2022,15:39:54
586,Sven,Pro 1500,7677,11.08.2022,15:39:54
587,Sven,Pro 400,2895,11.08.2022,15:39:54
588,Sven,Pro 600,3542,11.08.2022,15:39:54
589,Sven,Pro 650,3740,11.08.2022,15:39:54
590,Sven,Pro 800,3921,11.08.2022,15:39:54
591,Sven,RT-1000,10654,11.08.2022,15:39:54
592,Sven,RT-500,7155,11.08.2022,15:39:54
593,Sven,UP-L1000E,4682,11.08.2022,15:39:54
594,APC,SC420I,16578,11.08.2022,15:39:54
595,APC,SMC2000I-2U,135948,11.08.2022,15:39:54
596,APC,SMT1500RMI1U,119140,11.08.2022,15:39:54
597,APC,SMT2200RMI2U,186705,11.08.2022,15:39:54
598,APC,SMT750RMI2UNC,103926,11.08.2022,15:39:54
599,APC,SMX3000HV,181849,11.08.2022,15:39:54
600,APC,SMX3000RMHV2UNC,247552,11.08.2022,15:39:54
601,APC,SMX750I,81689,11.08.2022,15:39:54
602,APC,SMX750INC,89111,11.08.2022,15:39:54
603,APC,SRT1000UXI-LI+XBP48RM1U-LI,195121,11.08.2022,15:39:54
604,APC,SRT2200XLI,193349,11.08.2022,15:39:54
605,APC,SRTG15KXLI,1171575,11.08.2022,15:39:54
606,APC,SUA750RMI1U,54931,11.08.2022,15:39:54
607,APC,SURT1000XLIM,160718,11.08.2022,15:39:54
608,CyberPower,BR1000ELCD,10210,11.08.2022,15:39:54
609,CyberPower,BS650E,5610,11.08.2022,15:39:54
610,CyberPower,BS650E NEW,5947,11.08.2022,15:39:54
611,CyberPower,BS850E,7400,11.08.2022,15:39:54
612,CyberPower,BS850E NEW,6675,11.08.2022,15:39:54
613,CyberPower,BU725E,3478,11.08.2022,15:39:54
614,CyberPower,OL10KERT3UPM,277449,11.08.2022,15:39:54
615,CyberPower,OL2000ERTXL2U,124262,11.08.2022,15:39:54
616,CyberPower,OL5KERTHD,239379,11.08.2022,15:39:54
617,CyberPower,OL6KERT3UPM,221483,11.08.2022,15:39:54
618,CyberPower,OL6KERTHD,278180,11.08.2022,15:39:54
619,CyberPower,OLS6000ERT6Ua,183878,11.08.2022,15:39:54
620,CyberPower,OR600ERM1U,20663,11.08.2022,15:39:54
621,CyberPower,PR1000ELCDRTXL2U,73828,11.08.2022,15:39:54
622,CyberPower,PR1500ERTXL2U,80790,11.08.2022,15:39:54
623,CyberPower,PR6000ELCDRTXL5U,297218,11.08.2022,15:39:54
624,CyberPower,SMP350EI,6956,11.08.2022,15:39:54
625,CyberPower,SMP550EI,7906,11.08.2022,15:39:54
626,CyberPower,UT1100EIG,6250,11.08.2022,15:39:54
627,CyberPower,UT1500EI,8700,11.08.2022,15:39:54
628,CyberPower,UT650EG,3254,11.08.2022,15:39:54
629,CyberPower,UT650EIG,3484,11.08.2022,15:39:54
630,CyberPower,UT850EG,4282,11.08.2022,15:39:54
631,CyberPower,UT850EIG,4208,11.08.2022,15:39:54
632,CyberPower,UTC650E,2433,11.08.2022,15:39:54
633,CyberPower,UTC650EI,2290,11.08.2022,15:39:54
634,CyberPower,UTI675E,2544,11.08.2022,15:39:54
635,CyberPower,UTI675EI,2693,11.08.2022,15:39:54
636,CyberPower,UTI875E,3564,11.08.2022,15:39:54
637,CyberPower,UTI875EI,3564,11.08.2022,15:39:54
638,CyberPower,VALUE 1200EILCD,13561,11.08.2022,15:39:54
639,CyberPower,VALUE 600EI,3670,11.08.2022,15:39:54
640,CyberPower,VALUE 600EI,3703,11.08.2022,15:39:54
641,CyberPower,VP1000ELCD,9130,11.08.2022,15:39:54
642,CyberPower,VP700EILCD,8599,11.08.2022,15:39:54
643,CyberPower,VP700ELCD,9110,11.08.2022,15:39:54
644,Delta,AMPLON,107824,11.08.2022,15:39:54
645,Delta,AMPLON RT,102705,11.08.2022,15:39:54
646,Delta,Electronics Amplon MX,34960,11.08.2022,15:39:54
647,Delta,Electronics Amplon RT 10,263437,11.08.2022,15:39:54
648,Delta,Electronics UPS102R2RT2B035,48148,11.08.2022,15:39:54
649,Delta,UPS103R2RT2N035,135332,11.08.2022,15:39:54
650,DKC,SMALLR1A5I,34904,11.08.2022,15:39:54
651,DKC,SMALLR2A5I,59038,11.08.2022,15:39:54
652,DKC,SMALLR3A5I,70192,11.08.2022,15:39:54
653,DKC,SMALLT2A10S,47403,11.08.2022,15:39:54
654,DKC,SOLOMD10A10,492863,11.08.2022,15:39:54
655,DKC,SOLOMD5A10,328246,11.08.2022,15:39:54
656,DKC,SOLOMD6A10,362134,11.08.2022,15:39:54
657,Eaton,9SX1500I,55491,11.08.2022,15:39:54
658,Eaton,9SX700I,31907,11.08.2022,15:39:54
659,Ippon,Back Basic 1500,10733,11.08.2022,15:39:54
660,Ippon,Back Basic 650,2407,11.08.2022,15:39:54
661,Ippon,Back Office 600,3142,11.08.2022,15:39:54
662,Ippon,Back Power Pro II Euro 650,5296,11.08.2022,15:39:54
663,Ippon,Innova RT II 1000,27800,11.08.2022,15:39:54
664,Ippon,Innova RT II 1500,36510,11.08.2022,15:39:54
665,Ippon,Smart Winner II 1150 1U,22320,11.08.2022,15:39:54
666,Ippon,Smart Winner II 2000E,35913,11.08.2022,15:39:54
667,Powercom,IMD-1025AP,9763,11.08.2022,15:39:54
668,Powercom,IMD-1200AP,11501,11.08.2022,15:39:54
669,Powercom,IMD-1500AP,14024,11.08.2022,15:39:54
670,Powercom,IMD-2000AP,16023,11.08.2022,15:39:54
671,Powercom,IMD-3000AP,42763,11.08.2022,15:39:54
672,Powercom,IMD-525AP,5386,11.08.2022,15:39:54
673,Powercom,IMD-625AP,6269,11.08.2022,15:39:54
674,Powercom,IMD-825AP,8115,11.08.2022,15:39:54
675,Powercom,IMP-1025AP,10918,11.08.2022,15:39:54
676,Powercom,IMP-1500AP,13498,11.08.2022,15:39:54
677,Powercom,IMP-3000AP,24534,11.08.2022,15:39:54
678,Powercom,IMP-625AP,5553,11.08.2022,15:39:54
679,Powercom,IMP-825AP,7153,11.08.2022,15:39:54
680,Powercom,INF-1100,10827,11.08.2022,15:39:54
681,Powercom,INF-1500,12118,11.08.2022,15:39:54
682,Powercom,INF-500,8021,11.08.2022,15:39:54
683,Powercom,INF-800,9481,11.08.2022,15:39:54
684,Powercom,KIN-1000AP RM,16322,11.08.2022,15:39:54
685,Powercom,KIN-600AP RM (1U),14880,11.08.2022,15:39:54
686,Powercom,MAC-1000,18840,11.08.2022,15:39:54
687,Powercom,MAC-1500,27721,11.08.2022,15:39:54
688,Powercom,MAC-2000,29789,11.08.2022,15:39:54
689,Powercom,MRT-2000SE,42026,11.08.2022,15:39:54
690,Powercom,RPT-1000AP EURO,5442,11.08.2022,15:39:54
691,Powercom,RPT-1025AP,7500,11.08.2022,15:39:54
692,Powercom,RPT-1500AP,8527,11.08.2022,15:39:54
693,Powercom,RPT-2000AP,9760,11.08.2022,15:39:54
694,Powercom,RPT-600A,2692,11.08.2022,15:39:54
695,Powercom,RPT-800A,3141,11.08.2022,15:39:54
696,Powercom,RPT-800AP,3711,11.08.2022,15:39:54
697,Powercom,SMART KING PRO+,18020,11.08.2022,15:39:54
698,Powercom,SNT-1000,31332,11.08.2022,15:39:54
699,Powercom,SNT-3000,54153,11.08.2022,15:39:54
700,Powercom,SPD-1000U,7739,11.08.2022,15:39:54
701,Powercom,SPD-1100U LCD,8066,11.08.2022,15:39:54
702,Powercom,SPD-450N,3819,11.08.2022,15:39:54
703,Powercom,SPD-550U LCD,5498,11.08.2022,15:39:54
704,Powercom,SPD-550U LCD USB,5609,11.08.2022,15:39:54
705,Powercom,SPD-650U,6338,11.08.2022,15:39:54
706,Powercom,SPD-750U LCD,6368,11.08.2022,15:39:54
707,Powercom,SPD-750U LCD USB,6324,11.08.2022,15:39:54
708,Powercom,SPR-1000 LCD,17280,11.08.2022,15:39:54
709,Powercom,SPR-1500 LCD,18800,11.08.2022,15:39:54
710,Powercom,SPR-3000 LCD,35970,11.08.2022,15:39:54
711,Powercom,SPT-1000-II-LCD,13500,11.08.2022,15:39:54
712,Powercom,SPT-3000-II LCD,28720,11.08.2022,15:39:54
713,Powercom,SPT-500-II,8476,11.08.2022,15:39:54
714,Powercom,SRT-1000A LCD,21262,11.08.2022,15:39:54
715,Powercom,SRT-1500A LCD,27810,11.08.2022,15:39:54
716,Powercom,SRT-2000A LCD,31384,11.08.2022,15:39:54
717,Powercom,SRT-3000A LCD,39435,11.08.2022,15:39:54
718,Powercom,VRT-10K,132610,11.08.2022,15:39:54
719,Sven,Pro 1000,5800,11.08.2022,15:39:54
720,APC,Back-UPS,13775,11.08.2022,15:44:48
721,APC,BR900MI,21388,11.08.2022,15:44:48
722,APC,BVX1600LI-GR,11992,11.08.2022,15:44:48
723,APC,BVX900LI-GR,8565,11.08.2022,15:44:48
724,APC,BX1600MI,19651,11.08.2022,15:44:48
725,APC,BX500CI,6614,11.08.2022,15:44:48
726,APC,BX750MI,10543,11.08.2022,15:44:48
727,APC,BX750MI-GR,11168,11.08.2022,15:44:48
728,APC,BX950MI,14016,11.08.2022,15:44:48
729,APC,SC620I,27796,11.08.2022,15:44:48
730,APC,SMC2000I,73415,11.08.2022,15:44:48
731,APC,SMC3000I,123463,11.08.2022,15:44:48
732,APC,SMC3000RMI2U,156823,11.08.2022,15:44:48
733,APC,SMT1000I,58652,11.08.2022,15:44:48
734,APC,SMT1500I,83500,11.08.2022,15:44:48
735,APC,SMT3000RMI2U,241686,11.08.2022,15:44:48
736,APC,SMX1500RMI2U,118865,11.08.2022,15:44:48
737,APC,SRT1000RMXLI,126885,11.08.2022,15:44:48
738,APC,SRT1000XLI,79355,11.08.2022,15:44:48
739,CyberPower,BR1200ELCD,14418,11.08.2022,15:44:48
740,CyberPower,BR700ELCD,8503,11.08.2022,15:44:48
741,CyberPower,CP900EPFCLCD,13905,11.08.2022,15:44:48
742,CyberPower,OL1000ERTXL2U,91937,11.08.2022,15:44:48
743,CyberPower,OL1500ERTXL2U,98194,11.08.2022,15:44:48
744,CyberPower,OLS1000ERT2UA,47738,11.08.2022,15:44:48
745,CyberPower,OLS2000EC,36161,11.08.2022,15:44:48
746,CyberPower,OLS6000EC,136611,11.08.2022,15:44:48
747,CyberPower,OR1000ELCDRM1U,31304,11.08.2022,15:44:48
748,CyberPower,PLT1000ELCDRT2U,29997,11.08.2022,15:44:48
749,CyberPower,PLT2000ELCDRT2U,40989,11.08.2022,15:44:48
750,CyberPower,PLT3000ELCDRT2U,51202,11.08.2022,15:44:48
751,CyberPower,PR1000ERTXL2U,70069,11.08.2022,15:44:48
752,CyberPower,PR2200ERTXL2U,88638,11.08.2022,15:44:48
753,CyberPower,PR2200ERTXL2UA,118401,11.08.2022,15:44:48
754,CyberPower,PR750ELCD,35949,11.08.2022,15:44:48
755,CyberPower,UTC850EI,4218,11.08.2022,15:44:48
756,CyberPower,VP1000EILCD,8580,11.08.2022,15:44:48
757,CyberPower,VP1200EILCD,14979,11.08.2022,15:44:48
758,CyberPower,VP1200ELCD,16273,11.08.2022,15:44:48
759,CyberPower,VP1600EILCD,16732,11.08.2022,15:44:48
760,DKC,INFO1200S,9048,11.08.2022,15:44:48
761,DKC,INFO600S,4506,11.08.2022,15:44:48
762,DKC,INFO650SI,3277,11.08.2022,15:44:48
763,DKC,INFO800S,5653,11.08.2022,15:44:48
764,DKC,INFOLCD1200I,10414,11.08.2022,15:44:48
765,DKC,INFOLCD1500I,13166,11.08.2022,15:44:48
766,DKC,INFOLCD1500S,13166,11.08.2022,15:44:48
767,DKC,INFOLCD2000SI,16945,11.08.2022,15:44:48
768,DKC,INFOLCD600I,5371,11.08.2022,15:44:48
769,DKC,INFOLCD800I,7024,11.08.2022,15:44:48
770,DKC,INFOPDU600,6396,11.08.2022,15:44:48
771,DKC,INFOPDU800,7150,11.08.2022,15:44:48
772,DKC,INFORPRO1000I,26561,11.08.2022,15:44:48
773,DKC,INFORPRO3000I,51909,11.08.2022,15:44:48
774,DKC,SMALLT3A0PS,44246,11.08.2022,15:44:48
775,Eaton,9E 1000I,26636,11.08.2022,15:44:48
776,Eaton,9SX1000I,37456,11.08.2022,15:44:48
777,Eaton,9SX1000IR,62081,11.08.2022,15:44:48
778,Eaton,9SX2000I,71313,11.08.2022,15:44:48
779,Eaton,9SX2000IR,109120,11.08.2022,15:44:48
780,Eaton,9SX3000I,109245,11.08.2022,15:44:48
781,Eaton,9SX3000IR,140332,11.08.2022,15:44:48
782,Ippon,Back Basic 1050,5090,11.08.2022,15:44:48
783,Ippon,Back Basic 850,3095,11.08.2022,15:44:48
784,Ippon,Back Basic 850S Euro,3915,11.08.2022,15:44:48
785,Ippon,Back Comfo Pro II 1050,10771,11.08.2022,15:44:48
786,Ippon,Back Office 400,2581,11.08.2022,15:44:48
787,Ippon,Back Verso 400,3625,11.08.2022,15:44:48
788,Ippon,Back Verso 600,3955,11.08.2022,15:44:48
789,Ippon,Back Verso 800,4943,11.08.2022,15:44:48
790,Ippon,Innova G2 1000,16381,11.08.2022,15:44:48
791,Ippon,Innova G2 2000,34190,11.08.2022,15:44:48
792,Ippon,Innova RT 1500,43990,11.08.2022,15:44:48
793,Ippon,Innova RT 2000,44620,11.08.2022,15:44:48
794,Ippon,Innova RT 3000,71990,11.08.2022,15:44:48
795,Ippon,Innova RT II 2000,45640,11.08.2022,15:44:48
796,Ippon,Smart Power Pro II 1200 Euro,11590,11.08.2022,15:44:48
797,Ippon,Smart Winner II 1000,22601,11.08.2022,15:44:48
798,Ippon,Smart Winner II 1500 Euro,28336,11.08.2022,15:44:48
799,Ippon,Smart Winner II 1550 1U,37730,11.08.2022,15:44:48
800,Ippon,Smart Winner II 3000,46912,11.08.2022,15:44:48
801,Powercom,IMP-2000AP,13595,11.08.2022,15:44:48
802,Powercom,KIN-1200AP LCD,19970,11.08.2022,15:44:48
803,Powercom,KIN-1500AP LCD,22456,11.08.2022,15:44:48
804,Powercom,MAC-3000,34889,11.08.2022,15:44:48
805,Powercom,Macan MRT-3000SE,44333,11.08.2022,15:44:48
806,Powercom,RPT-1000A,3998,11.08.2022,15:44:48
807,Powercom,RPT-1000AP,4731,11.08.2022,15:44:48
808,Powercom,RPT-1000A EURO,4467,11.08.2022,15:44:48
809,Powercom,RPT-2000AP-LCD,11625,11.08.2022,15:44:48
810,Powercom,RPT-600A,2690,11.08.2022,15:44:48
811,Powercom,RPT-600AP,3460,11.08.2022,15:44:48
812,Powercom,RPT-800A EURO,3572,11.08.2022,15:44:48
813,Powercom,SPD-1000N,5542,11.08.2022,15:44:48
814,Powercom,SPD-1000N,5217,11.08.2022,15:44:48
815,Powercom,SPD-450N,3478,11.08.2022,15:44:48
816,Powercom,SPD-650N,4208,11.08.2022,15:44:48
817,Powercom,SPD-850N,5059,11.08.2022,15:44:48
818,Powercom,SPD-900U LCD,6933,11.08.2022,15:44:48
819,Powercom,SPD-900U LCD USB,7143,11.08.2022,15:44:48
820,Powercom,SPR-2000 LCD,27190,11.08.2022,15:44:48
821,Powercom,SPT-1500-II-LCD,15198,11.08.2022,15:44:48
822,Powercom,WOW-1000U,6509,11.08.2022,15:44:48
823,Powercom,WOW-300,3054,11.08.2022,15:44:48
824,Powercom,WOW-500U,4094,11.08.2022,15:44:48
825,Powercom,WOW-700U,4544,11.08.2022,15:44:48
826,Sven,Pro 1500,7677,11.08.2022,15:44:48
827,Sven,Pro 400,2895,11.08.2022,15:44:48
828,Sven,Pro 600,3542,11.08.2022,15:44:48
829,Sven,Pro 650,3740,11.08.2022,15:44:48
830,Sven,Pro 800,3921,11.08.2022,15:44:48
831,Sven,RT-1000,10654,11.08.2022,15:44:48
832,Sven,RT-500,7155,11.08.2022,15:44:48
833,Sven,UP-L1000E,4682,11.08.2022,15:44:48
834,APC,SC420I,16578,11.08.2022,15:44:48
835,APC,SMC2000I-2U,135948,11.08.2022,15:44:48
836,APC,SMT1500RMI1U,119140,11.08.2022,15:44:48
837,APC,SMT2200RMI2U,186705,11.08.2022,15:44:48
838,APC,SMT750RMI2UNC,103926,11.08.2022,15:44:48
839,APC,SMX3000HV,181849,11.08.2022,15:44:48
840,APC,SMX3000RMHV2UNC,247552,11.08.2022,15:44:48
841,APC,SMX750I,81689,11.08.2022,15:44:48
842,APC,SMX750INC,89111,11.08.2022,15:44:48
843,APC,SRT1000UXI-LI+XBP48RM1U-LI,195121,11.08.2022,15:44:48
844,APC,SRT2200XLI,193349,11.08.2022,15:44:48
845,APC,SRTG15KXLI,1171575,11.08.2022,15:44:48
846,APC,SUA750RMI1U,54931,11.08.2022,15:44:48
847,APC,SURT1000XLIM,160718,11.08.2022,15:44:48
848,CyberPower,BR1000ELCD,10210,11.08.2022,15:44:48
849,CyberPower,BS650E,5610,11.08.2022,15:44:48
850,CyberPower,BS650E NEW,5947,11.08.2022,15:44:48
851,CyberPower,BS850E,7400,11.08.2022,15:44:48
852,CyberPower,BS850E NEW,6675,11.08.2022,15:44:48
853,CyberPower,BU725E,3478,11.08.2022,15:44:48
854,CyberPower,OL10KERT3UPM,277449,11.08.2022,15:44:48
855,CyberPower,OL2000ERTXL2U,124262,11.08.2022,15:44:48
856,CyberPower,OL5KERTHD,239379,11.08.2022,15:44:48
857,CyberPower,OL6KERT3UPM,221483,11.08.2022,15:44:48
858,CyberPower,OL6KERTHD,278180,11.08.2022,15:44:48
859,CyberPower,OLS6000ERT6Ua,183878,11.08.2022,15:44:48
860,CyberPower,OR600ERM1U,20663,11.08.2022,15:44:48
861,CyberPower,PR1000ELCDRTXL2U,73828,11.08.2022,15:44:48
862,CyberPower,PR1500ERTXL2U,80790,11.08.2022,15:44:48
863,CyberPower,PR6000ELCDRTXL5U,297218,11.08.2022,15:44:48
864,CyberPower,SMP350EI,6956,11.08.2022,15:44:48
865,CyberPower,SMP550EI,7906,11.08.2022,15:44:48
866,CyberPower,UT1100EIG,6250,11.08.2022,15:44:48
867,CyberPower,UT1500EI,8700,11.08.2022,15:44:48
868,CyberPower,UT650EG,3254,11.08.2022,15:44:48
869,CyberPower,UT650EIG,3484,11.08.2022,15:44:48
870,CyberPower,UT850EG,4282,11.08.2022,15:44:48
871,CyberPower,UT850EIG,4208,11.08.2022,15:44:48
872,CyberPower,UTC650E,2433,11.08.2022,15:44:48
873,CyberPower,UTC650EI,2290,11.08.2022,15:44:48
874,CyberPower,UTI675E,2544,11.08.2022,15:44:48
875,CyberPower,UTI675EI,2693,11.08.2022,15:44:48
876,CyberPower,UTI875E,3564,11.08.2022,15:44:48
877,CyberPower,UTI875EI,3564,11.08.2022,15:44:48
878,CyberPower,VALUE 1200EILCD,13561,11.08.2022,15:44:48
879,CyberPower,VALUE 600EI,3670,11.08.2022,15:44:48
880,CyberPower,VALUE 600EI,3703,11.08.2022,15:44:48
881,CyberPower,VP1000ELCD,9130,11.08.2022,15:44:48
882,CyberPower,VP700EILCD,8599,11.08.2022,15:44:48
883,CyberPower,VP700ELCD,9110,11.08.2022,15:44:48
884,Delta,AMPLON,107824,11.08.2022,15:44:48
885,Delta,AMPLON RT,102705,11.08.2022,15:44:48
886,Delta,Electronics Amplon MX,34960,11.08.2022,15:44:48
887,Delta,Electronics Amplon RT 10,263437,11.08.2022,15:44:48
888,Delta,Electronics UPS102R2RT2B035,48148,11.08.2022,15:44:48
889,Delta,UPS103R2RT2N035,135332,11.08.2022,15:44:48
890,DKC,SMALLR1A5I,34904,11.08.2022,15:44:48
891,DKC,SMALLR2A5I,59038,11.08.2022,15:44:48
892,DKC,SMALLR3A5I,70192,11.08.2022,15:44:48
893,DKC,SMALLT2A10S,47403,11.08.2022,15:44:48
894,DKC,SOLOMD10A10,492863,11.08.2022,15:44:48
895,DKC,SOLOMD5A10,328246,11.08.2022,15:44:48
896,DKC,SOLOMD6A10,362134,11.08.2022,15:44:48
897,Eaton,9SX1500I,55491,11.08.2022,15:44:48
898,Eaton,9SX700I,31907,11.08.2022,15:44:48
899,Ippon,Back Basic 1500,10733,11.08.2022,15:44:48
900,Ippon,Back Basic 650,2407,11.08.2022,15:44:48
901,Ippon,Back Office 600,3142,11.08.2022,15:44:48
902,Ippon,Back Power Pro II Euro 650,5296,11.08.2022,15:44:48
903,Ippon,Innova RT II 1000,27800,11.08.2022,15:44:48
904,Ippon,Innova RT II 1500,36510,11.08.2022,15:44:48
905,Ippon,Smart Winner II 1150 1U,22320,11.08.2022,15:44:48
906,Ippon,Smart Winner II 2000E,35913,11.08.2022,15:44:48
907,Powercom,IMD-1025AP,9763,11.08.2022,15:44:48
908,Powercom,IMD-1200AP,11501,11.08.2022,15:44:48
909,Powercom,IMD-1500AP,14024,11.08.2022,15:44:48
910,Powercom,IMD-2000AP,16023,11.08.2022,15:44:48
911,Powercom,IMD-3000AP,42763,11.08.2022,15:44:48
912,Powercom,IMD-525AP,5386,11.08.2022,15:44:48
913,Powercom,IMD-625AP,6269,11.08.2022,15:44:48
914,Powercom,IMD-825AP,8115,11.08.2022,15:44:48
915,Powercom,IMP-1025AP,10918,11.08.2022,15:44:48
916,Powercom,IMP-1500AP,13498,11.08.2022,15:44:48
917,Powercom,IMP-3000AP,24534,11.08.2022,15:44:48
918,Powercom,IMP-625AP,5553,11.08.2022,15:44:48
919,Powercom,IMP-825AP,7153,11.08.2022,15:44:48
920,Powercom,INF-1100,10827,11.08.2022,15:44:48
921,Powercom,INF-1500,12118,11.08.2022,15:44:48
922,Powercom,INF-500,8021,11.08.2022,15:44:48
923,Powercom,INF-800,9481,11.08.2022,15:44:48
924,Powercom,KIN-1000AP RM,16322,11.08.2022,15:44:48
925,Powercom,KIN-600AP RM (1U),14880,11.08.2022,15:44:48
926,Powercom,MAC-1000,18840,11.08.2022,15:44:48
927,Powercom,MAC-1500,27721,11.08.2022,15:44:48
928,Powercom,MAC-2000,29789,11.08.2022,15:44:48
929,Powercom,MRT-2000SE,42026,11.08.2022,15:44:48
930,Powercom,RPT-1000AP EURO,5442,11.08.2022,15:44:48
931,Powercom,RPT-1025AP,7500,11.08.2022,15:44:48
932,Powercom,RPT-1500AP,8527,11.08.2022,15:44:48
933,Powercom,RPT-2000AP,9760,11.08.2022,15:44:48
934,Powercom,RPT-600A,2692,11.08.2022,15:44:48
935,Powercom,RPT-800A,3141,11.08.2022,15:44:48
936,Powercom,RPT-800AP,3711,11.08.2022,15:44:48
937,Powercom,SMART KING PRO+,18020,11.08.2022,15:44:48
938,Powercom,SNT-1000,31332,11.08.2022,15:44:48
939,Powercom,SNT-3000,54153,11.08.2022,15:44:48
940,Powercom,SPD-1000U,7739,11.08.2022,15:44:48
941,Powercom,SPD-1100U LCD,8066,11.08.2022,15:44:48
942,Powercom,SPD-450N,3819,11.08.2022,15:44:48
943,Powercom,SPD-550U LCD,5498,11.08.2022,15:44:48
944,Powercom,SPD-550U LCD USB,5609,11.08.2022,15:44:48
945,Powercom,SPD-650U,6338,11.08.2022,15:44:48
946,Powercom,SPD-750U LCD,6368,11.08.2022,15:44:48
947,Powercom,SPD-750U LCD USB,6324,11.08.2022,15:44:48
948,Powercom,SPR-1000 LCD,17280,11.08.2022,15:44:48
949,Powercom,SPR-1500 LCD,18800,11.08.2022,15:44:48
950,Powercom,SPR-3000 LCD,35970,11.08.2022,15:44:48
951,Powercom,SPT-1000-II-LCD,13500,11.08.2022,15:44:48
952,Powercom,SPT-3000-II LCD,28720,11.08.2022,15:44:48
953,Powercom,SPT-500-II,8476,11.08.2022,15:44:48
954,Powercom,SRT-1000A LCD,21262,11.08.2022,15:44:48
955,Powercom,SRT-1500A LCD,27810,11.08.2022,15:44:48
956,Powercom,SRT-2000A LCD,31384,11.08.2022,15:44:48
957,Powercom,SRT-3000A LCD,39435,11.08.2022,15:44:48
958,Powercom,VRT-10K,132610,11.08.2022,15:44:48
959,Sven,Pro 1000,5800,11.08.2022,15:44:48
960,APC,BR900MI,21388,11.08.2022,16:59:00
961,APC,BVX1600LI-GR,11992,11.08.2022,16:59:00
962,APC,BVX900LI-GR,8565,11.08.2022,16:59:00
963,APC,BX1600MI,19651,11.08.2022,16:59:00
964,APC,BX500CI,6614,11.08.2022,16:59:00
965,APC,BX750MI,10543,11.08.2022,16:59:00
966,APC,BX750MI-GR,11168,11.08.2022,16:59:00
967,APC,BX950MI,14016,11.08.2022,16:59:00
968,APC,SC620I,27796,11.08.2022,16:59:00
969,APC,SMC2000I,73415,11.08.2022,16:59:00
970,APC,SMC3000I,123463,11.08.2022,16:59:00
971,APC,SMC3000RMI2U,156823,11.08.2022,16:59:00
972,APC,SMT1000I,58652,11.08.2022,16:59:00
973,APC,SMT1500I,83500,11.08.2022,16:59:00
974,APC,SMT3000RMI2U,241686,11.08.2022,16:59:00
975,APC,SRT1000RMXLI,126885,11.08.2022,16:59:00
976,APC,SRT1000XLI,79355,11.08.2022,16:59:00
977,CyberPower,BR1200ELCD,14418,11.08.2022,16:59:00
978,CyberPower,BR700ELCD,8503,11.08.2022,16:59:00
979,CyberPower,CP900EPFCLCD,13905,11.08.2022,16:59:00
980,CyberPower,OL1000ERTXL2U,91937,11.08.2022,16:59:00
981,CyberPower,OL1500ERTXL2U,98194,11.08.2022,16:59:00
982,CyberPower,OLS1000ERT2UA,47738,11.08.2022,16:59:00
983,CyberPower,OLS2000EC,36161,11.08.2022,16:59:00
984,CyberPower,OLS6000EC,136611,11.08.2022,16:59:00
985,CyberPower,OR1000ELCDRM1U,31304,11.08.2022,16:59:00
986,CyberPower,PLT1000ELCDRT2U,27152,11.08.2022,16:59:00
987,CyberPower,PLT2000ELCDRT2U,40989,11.08.2022,16:59:00
988,CyberPower,PLT3000ELCDRT2U,51202,11.08.2022,16:59:00
989,CyberPower,PR1000ERTXL2U,70069,11.08.2022,16:59:00
990,CyberPower,PR2200ERTXL2U,88638,11.08.2022,16:59:00
991,CyberPower,PR2200ERTXL2UA,118401,11.08.2022,16:59:00
992,CyberPower,PR750ELCD,35949,11.08.2022,16:59:00
993,CyberPower,UTC850EI,4218,11.08.2022,16:59:00
994,CyberPower,VP1000EILCD,8580,11.08.2022,16:59:00
995,CyberPower,VP1200EILCD,14979,11.08.2022,16:59:00
996,CyberPower,VP1200ELCD,16273,11.08.2022,16:59:00
997,CyberPower,VP1600EILCD,16732,11.08.2022,16:59:00
998,DKC,INFO1200S,9048,11.08.2022,16:59:00
999,DKC,INFO600S,4506,11.08.2022,16:59:00
1000,DKC,INFO650SI,3277,11.08.2022,16:59:00
1001,DKC,INFO800S,5653,11.08.2022,16:59:00
1002,DKC,INFOLCD1200I,10414,11.08.2022,16:59:00
1003,DKC,INFOLCD1500I,13166,11.08.2022,16:59:00
1004,DKC,INFOLCD1500S,13166,11.08.2022,16:59:00
1005,DKC,INFOLCD2000SI,16945,11.08.2022,16:59:00
1006,DKC,INFOLCD600I,5371,11.08.2022,16:59:00
1007,DKC,INFOLCD800I,7024,11.08.2022,16:59:00
1008,DKC,INFOPDU600,6396,11.08.2022,16:59:00
1009,DKC,INFOPDU800,7150,11.08.2022,16:59:00
1010,DKC,INFORPRO1000I,26561,11.08.2022,16:59:00
1011,DKC,INFORPRO3000I,51909,11.08.2022,16:59:00
1012,DKC,SMALLT3A0PS,44246,11.08.2022,16:59:00
1013,Eaton,9E 1000I,26636,11.08.2022,16:59:00
1014,Eaton,9SX1000I,37456,11.08.2022,16:59:00
1015,Eaton,9SX1000IR,62081,11.08.2022,16:59:00
1016,Eaton,9SX2000I,71313,11.08.2022,16:59:00
1017,Eaton,9SX2000IR,109120,11.08.2022,16:59:00
1018,Eaton,9SX3000I,109245,11.08.2022,16:59:00
1019,Eaton,9SX3000IR,140332,11.08.2022,16:59:00
1020,Ippon,Back Basic 1050,5090,11.08.2022,16:59:00
1021,Ippon,Back Basic 850,3095,11.08.2022,16:59:00
1022,Ippon,Back Basic 850S Euro,3915,11.08.2022,16:59:00
1023,Ippon,Back Comfo Pro II 1050,10771,11.08.2022,16:59:00
1024,Ippon,Back Office 400,2581,11.08.2022,16:59:00
1025,Ippon,Back Verso 400,3625,11.08.2022,16:59:00
1026,Ippon,Back Verso 600,3955,11.08.2022,16:59:00
1027,Ippon,Back Verso 800,4943,11.08.2022,16:59:00
1028,Ippon,Innova G2 1000,16381,11.08.2022,16:59:00
1029,Ippon,Innova G2 2000,34190,11.08.2022,16:59:00
1030,Ippon,Innova RT 1500,43990,11.08.2022,16:59:00
1031,Ippon,Innova RT 2000,44620,11.08.2022,16:59:00
1032,Ippon,Innova RT 3000,71990,11.08.2022,16:59:00
1033,Ippon,Innova RT II 2000,45640,11.08.2022,16:59:00
1034,Ippon,Smart Power Pro II 1200 Euro,11590,11.08.2022,16:59:00
1035,Ippon,Smart Winner II 1000,22601,11.08.2022,16:59:00
1036,Ippon,Smart Winner II 1500 Euro,28336,11.08.2022,16:59:00
1037,Ippon,Smart Winner II 1550 1U,37730,11.08.2022,16:59:00
1038,Ippon,Smart Winner II 3000,46912,11.08.2022,16:59:00
1039,Powercom,IMP-2000AP,13595,11.08.2022,16:59:00
1040,Powercom,KIN-1200AP LCD,19970,11.08.2022,16:59:00
1041,Powercom,KIN-1500AP LCD,22456,11.08.2022,16:59:00
1042,Powercom,MAC-3000,34889,11.08.2022,16:59:00
1043,Powercom,Macan MRT-3000SE,44333,11.08.2022,16:59:00
1044,Powercom,RPT-1000A,3998,11.08.2022,16:59:00
1045,Powercom,RPT-1000AP,4731,11.08.2022,16:59:00
1046,Powercom,RPT-1000A EURO,4467,11.08.2022,16:59:00
1047,Powercom,RPT-2000AP-LCD,11625,11.08.2022,16:59:00
1048,Powercom,RPT-600A,2690,11.08.2022,16:59:00
1049,Powercom,RPT-600AP,3460,11.08.2022,16:59:00
1050,Powercom,RPT-800A EURO,3572,11.08.2022,16:59:00
1051,Powercom,SPD-1000N,5542,11.08.2022,16:59:00
1052,Powercom,SPD-1000N,5217,11.08.2022,16:59:00
1053,Powercom,SPD-450N,3478,11.08.2022,16:59:00
1054,Powercom,SPD-650N,4208,11.08.2022,16:59:00
1055,Powercom,SPD-850N,5059,11.08.2022,16:59:00
1056,Powercom,SPD-900U LCD,6933,11.08.2022,16:59:00
1057,Powercom,SPD-900U LCD USB,7143,11.08.2022,16:59:00
1058,Powercom,SPR-2000 LCD,27190,11.08.2022,16:59:00
1059,Powercom,SPT-1500-II-LCD,15198,11.08.2022,16:59:00
1060,Powercom,WOW-1000U,6509,11.08.2022,16:59:00
1061,Powercom,WOW-300,3054,11.08.2022,16:59:00
1062,Powercom,WOW-500U,4094,11.08.2022,16:59:00
1063,Powercom,WOW-700U,4544,11.08.2022,16:59:00
1064,Sven,Pro 1500,7677,11.08.2022,16:59:00
1065,Sven,Pro 400,2895,11.08.2022,16:59:00
1066,Sven,Pro 600,3542,11.08.2022,16:59:00
1067,Sven,Pro 650,3740,11.08.2022,16:59:00
1068,Sven,Pro 800,3921,11.08.2022,16:59:00
1069,Sven,RT-1000,10654,11.08.2022,16:59:00
1070,Sven,RT-500,7155,11.08.2022,16:59:00
1071,Sven,UP-L1000E,4682,11.08.2022,16:59:00
1072,APC,Back-UPS,13775,11.08.2022,16:59:00
1073,APC,SC420I,16578,11.08.2022,16:59:00
1074,APC,SMC2000I-2U,135948,11.08.2022,16:59:00
1075,APC,SMT1500RMI1U,119140,11.08.2022,16:59:00
1076,APC,SMT2200RMI2U,186705,11.08.2022,16:59:00
1077,APC,SMT750RMI2UNC,103926,11.08.2022,16:59:00
1078,APC,SMX3000HV,181849,11.08.2022,16:59:00
1079,APC,SMX3000RMHV2UNC,247552,11.08.2022,16:59:00
1080,APC,SMX750I,81689,11.08.2022,16:59:00
1081,APC,SMX750INC,89111,11.08.2022,16:59:00
1082,APC,SRT1000UXI-LI+XBP48RM1U-LI,195121,11.08.2022,16:59:00
1083,APC,SRT2200XLI,193349,11.08.2022,16:59:00
1084,APC,SRTG15KXLI,1171575,11.08.2022,16:59:00
1085,APC,SUA750RMI1U,54931,11.08.2022,16:59:00
1086,APC,SURT1000XLIM,160718,11.08.2022,16:59:00
1087,CyberPower,BR1000ELCD,10210,11.08.2022,16:59:00
1088,CyberPower,BS650E,5610,11.08.2022,16:59:00
1089,CyberPower,BS650E NEW,5947,11.08.2022,16:59:00
1090,CyberPower,BS850E,7400,11.08.2022,16:59:00
1091,CyberPower,BS850E NEW,6675,11.08.2022,16:59:00
1092,CyberPower,BU725E,3478,11.08.2022,16:59:00
1093,CyberPower,OL10KERT3UPM,277449,11.08.2022,16:59:00
1094,CyberPower,OL2000ERTXL2U,124262,11.08.2022,16:59:00
1095,CyberPower,OL5KERTHD,239379,11.08.2022,16:59:00
1096,CyberPower,OL6KERT3UPM,221483,11.08.2022,16:59:00
1097,CyberPower,OL6KERTHD,278180,11.08.2022,16:59:00
1098,CyberPower,OLS6000ERT6Ua,183878,11.08.2022,16:59:00
1099,CyberPower,OR600ERM1U,20663,11.08.2022,16:59:00
1100,CyberPower,PR1000ELCDRTXL2U,73828,11.08.2022,16:59:00
1101,CyberPower,PR1500ERTXL2U,80790,11.08.2022,16:59:00
1102,CyberPower,PR6000ELCDRTXL5U,297218,11.08.2022,16:59:00
1103,CyberPower,SMP350EI,6956,11.08.2022,16:59:00
1104,CyberPower,SMP550EI,7906,11.08.2022,16:59:00
1105,CyberPower,UT1100EIG,6250,11.08.2022,16:59:00
1106,CyberPower,UT1500EI,8700,11.08.2022,16:59:00
1107,CyberPower,UT650EG,3254,11.08.2022,16:59:00
1108,CyberPower,UT650EIG,3484,11.08.2022,16:59:00
1109,CyberPower,UT850EG,4282,11.08.2022,16:59:00
1110,CyberPower,UT850EIG,4208,11.08.2022,16:59:00
1111,CyberPower,UTC650E,2433,11.08.2022,16:59:00
1112,CyberPower,UTC650EI,2290,11.08.2022,16:59:00
1113,CyberPower,UTI675E,2544,11.08.2022,16:59:00
1114,CyberPower,UTI675EI,2693,11.08.2022,16:59:00
1115,CyberPower,UTI875E,3564,11.08.2022,16:59:00
1116,CyberPower,UTI875EI,3564,11.08.2022,16:59:00
1117,CyberPower,VALUE 1200EILCD,13561,11.08.2022,16:59:00
1118,CyberPower,VALUE 600EI,3670,11.08.2022,16:59:00
1119,CyberPower,VALUE 600EI,3703,11.08.2022,16:59:00
1120,CyberPower,VP1000ELCD,9130,11.08.2022,16:59:00
1121,CyberPower,VP700EILCD,9110,11.08.2022,16:59:00
1122,CyberPower,VP700ELCD,9110,11.08.2022,16:59:00
1123,Delta,AMPLON,107824,11.08.2022,16:59:00
1124,Delta,AMPLON RT,102705,11.08.2022,16:59:00
1125,Delta,Electronics Amplon MX,34960,11.08.2022,16:59:00
1126,Delta,Electronics Amplon RT 10,263437,11.08.2022,16:59:00
1127,Delta,Electronics UPS102R2RT2B035,48148,11.08.2022,16:59:00
1128,Delta,UPS103R2RT2N035,135332,11.08.2022,16:59:00
1129,DKC,SMALLR1A5I,34904,11.08.2022,16:59:00
1130,DKC,SMALLR2A5I,59038,11.08.2022,16:59:00
1131,DKC,SMALLR3A5I,70192,11.08.2022,16:59:00
1132,DKC,SMALLT2A10S,47403,11.08.2022,16:59:00
1133,DKC,SOLOMD10A10,492863,11.08.2022,16:59:00
1134,DKC,SOLOMD5A10,328246,11.08.2022,16:59:00
1135,DKC,SOLOMD6A10,362134,11.08.2022,16:59:00
1136,Eaton,9SX1500I,55491,11.08.2022,16:59:00
1137,Eaton,9SX700I,31907,11.08.2022,16:59:00
1138,Ippon,Back Basic 1500,10733,11.08.2022,16:59:00
1139,Ippon,Back Basic 650,2407,11.08.2022,16:59:00
1140,Ippon,Back Office 600,3142,11.08.2022,16:59:00
1141,Ippon,Back Power Pro II Euro 650,5296,11.08.2022,16:59:00
1142,Ippon,Innova RT II 1000,27800,11.08.2022,16:59:00
1143,Ippon,Innova RT II 1500,36510,11.08.2022,16:59:00
1144,Ippon,Smart Winner II 1150 1U,22320,11.08.2022,16:59:00
1145,Ippon,Smart Winner II 2000E,35913,11.08.2022,16:59:00
1146,Powercom,IMD-1025AP,9763,11.08.2022,16:59:00
1147,Powercom,IMD-1200AP,11501,11.08.2022,16:59:00
1148,Powercom,IMD-1500AP,14024,11.08.2022,16:59:00
1149,Powercom,IMD-2000AP,16023,11.08.2022,16:59:00
1150,Powercom,IMD-3000AP,42763,11.08.2022,16:59:00
1151,Powercom,IMD-525AP,5386,11.08.2022,16:59:00
1152,Powercom,IMD-625AP,6269,11.08.2022,16:59:00
1153,Powercom,IMD-825AP,8115,11.08.2022,16:59:00
1154,Powercom,IMP-1025AP,10918,11.08.2022,16:59:00
1155,Powercom,IMP-1500AP,13498,11.08.2022,16:59:00
1156,Powercom,IMP-3000AP,24534,11.08.2022,16:59:00
1157,Powercom,IMP-625AP,5553,11.08.2022,16:59:00
1158,Powercom,IMP-825AP,7153,11.08.2022,16:59:00
1159,Powercom,INF-1100,10827,11.08.2022,16:59:00
1160,Powercom,INF-1500,12118,11.08.2022,16:59:00
1161,Powercom,INF-500,8021,11.08.2022,16:59:00
1162,Powercom,INF-800,9481,11.08.2022,16:59:00
1163,Powercom,KIN-1000AP RM,16322,11.08.2022,16:59:00
1164,Powercom,KIN-600AP RM (1U),14880,11.08.2022,16:59:00
1165,Powercom,MAC-1000,18840,11.08.2022,16:59:00
1166,Powercom,MAC-1500,27721,11.08.2022,16:59:00
1167,Powercom,MAC-2000,29789,11.08.2022,16:59:00
1168,Powercom,MRT-2000SE,42026,11.08.2022,16:59:00
1169,Powercom,RPT-1000AP EURO,5442,11.08.2022,16:59:00
1170,Powercom,RPT-1025AP,7500,11.08.2022,16:59:00
1171,Powercom,RPT-1500AP,8527,11.08.2022,16:59:00
1172,Powercom,RPT-2000AP,9760,11.08.2022,16:59:00
1173,Powercom,RPT-600A,2692,11.08.2022,16:59:00
1174,Powercom,RPT-800A,3141,11.08.2022,16:59:00
1175,Powercom,RPT-800AP,3711,11.08.2022,16:59:00
1176,Powercom,SMART KING PRO+,18020,11.08.2022,16:59:00
1177,Powercom,SNT-1000,31332,11.08.2022,16:59:00
1178,Powercom,SNT-3000,54153,11.08.2022,16:59:00
1179,Powercom,SPD-1000U,7739,11.08.2022,16:59:00
1180,Powercom,SPD-1100U LCD,8066,11.08.2022,16:59:00
1181,Powercom,SPD-450N,3819,11.08.2022,16:59:00
1182,Powercom,SPD-550U LCD,5498,11.08.2022,16:59:00
1183,Powercom,SPD-550U LCD USB,5609,11.08.2022,16:59:00
1184,Powercom,SPD-650U,6338,11.08.2022,16:59:00
1185,Powercom,SPD-750U LCD,6368,11.08.2022,16:59:00
1186,Powercom,SPD-750U LCD USB,6324,11.08.2022,16:59:00
1187,Powercom,SPR-1000 LCD,17280,11.08.2022,16:59:00
1188,Powercom,SPR-1500 LCD,18800,11.08.2022,16:59:00
1189,Powercom,SPR-3000 LCD,35970,11.08.2022,16:59:00
1190,Powercom,SPT-1000-II-LCD,13500,11.08.2022,16:59:00
1191,Powercom,SPT-3000-II LCD,28720,11.08.2022,16:59:00
1192,Powercom,SPT-500-II,8476,11.08.2022,16:59:00
1193,Powercom,SRT-1000A LCD,21262,11.08.2022,16:59:00
1194,Powercom,SRT-1500A LCD,27810,11.08.2022,16:59:00
1195,Powercom,SRT-2000A LCD,31384,11.08.2022,16:59:00
1196,Powercom,SRT-3000A LCD,39435,11.08.2022,16:59:00
1197,Powercom,VRT-10K,132610,11.08.2022,16:59:00
1198,Sven,Pro 1000,5800,11.08.2022,16:59:00
1199,APC,BR900MI,21388,11.08.2022,16:59:35
1200,APC,BVX1600LI-GR,11992,11.08.2022,16:59:35
1201,APC,BVX900LI-GR,8565,11.08.2022,16:59:35
1202,APC,BX1600MI,19651,11.08.2022,16:59:35
1203,APC,BX500CI,6614,11.08.2022,16:59:35
1204,APC,BX750MI,10543,11.08.2022,16:59:35
1205,APC,BX750MI-GR,11168,11.08.2022,16:59:35
1206,APC,BX950MI,14016,11.08.2022,16:59:35
1207,APC,SC620I,27796,11.08.2022,16:59:35
1208,APC,SMC2000I,73415,11.08.2022,16:59:35
1209,APC,SMC3000I,123463,11.08.2022,16:59:35
1210,APC,SMC3000RMI2U,156823,11.08.2022,16:59:35
1211,APC,SMT1000I,58652,11.08.2022,16:59:35
1212,APC,SMT1500I,83500,11.08.2022,16:59:35
1213,APC,SMT3000RMI2U,241686,11.08.2022,16:59:35
1214,APC,SRT1000RMXLI,126885,11.08.2022,16:59:35
1215,APC,SRT1000XLI,79355,11.08.2022,16:59:35
1216,CyberPower,BR1200ELCD,14418,11.08.2022,16:59:35
1217,CyberPower,BR700ELCD,8503,11.08.2022,16:59:35
1218,CyberPower,CP900EPFCLCD,13905,11.08.2022,16:59:35
1219,CyberPower,OL1000ERTXL2U,91937,11.08.2022,16:59:35
1220,CyberPower,OL1500ERTXL2U,98194,11.08.2022,16:59:35
1221,CyberPower,OLS1000ERT2UA,47738,11.08.2022,16:59:35
1222,CyberPower,OLS2000EC,36161,11.08.2022,16:59:35
1223,CyberPower,OLS6000EC,136611,11.08.2022,16:59:35
1224,CyberPower,OR1000ELCDRM1U,31304,11.08.2022,16:59:35
1225,CyberPower,PLT1000ELCDRT2U,27152,11.08.2022,16:59:35
1226,CyberPower,PLT2000ELCDRT2U,40989,11.08.2022,16:59:35
1227,CyberPower,PLT3000ELCDRT2U,51202,11.08.2022,16:59:35
1228,CyberPower,PR1000ERTXL2U,70069,11.08.2022,16:59:35
1229,CyberPower,PR2200ERTXL2U,88638,11.08.2022,16:59:35
1230,CyberPower,PR2200ERTXL2UA,118401,11.08.2022,16:59:35
1231,CyberPower,PR750ELCD,35949,11.08.2022,16:59:35
1232,CyberPower,UTC850EI,4218,11.08.2022,16:59:35
1233,CyberPower,VP1000EILCD,8580,11.08.2022,16:59:35
1234,CyberPower,VP1200EILCD,14979,11.08.2022,16:59:35
1235,CyberPower,VP1200ELCD,16273,11.08.2022,16:59:35
1236,CyberPower,VP1600EILCD,16732,11.08.2022,16:59:35
1237,DKC,INFO1200S,9048,11.08.2022,16:59:35
1238,DKC,INFO600S,4506,11.08.2022,16:59:35
1239,DKC,INFO650SI,3277,11.08.2022,16:59:35
1240,DKC,INFO800S,5653,11.08.2022,16:59:35
1241,DKC,INFOLCD1200I,10414,11.08.2022,16:59:35
1242,DKC,INFOLCD1500I,13166,11.08.2022,16:59:35
1243,DKC,INFOLCD1500S,13166,11.08.2022,16:59:35
1244,DKC,INFOLCD2000SI,16945,11.08.2022,16:59:35
1245,DKC,INFOLCD600I,5371,11.08.2022,16:59:35
1246,DKC,INFOLCD800I,7024,11.08.2022,16:59:35
1247,DKC,INFOPDU600,6396,11.08.2022,16:59:35
1248,DKC,INFOPDU800,7150,11.08.2022,16:59:35
1249,DKC,INFORPRO1000I,26561,11.08.2022,16:59:35
1250,DKC,INFORPRO3000I,51909,11.08.2022,16:59:35
1251,APC,BR900G-RS,27310,11.08.2022,17:04:46
1252,APC,BR900MI,21388,11.08.2022,17:04:46
1253,APC,BVX1600LI-GR,11992,11.08.2022,17:04:46
1254,APC,BVX900LI-GR,8565,11.08.2022,17:04:46
1255,APC,BX1600MI,19651,11.08.2022,17:04:46
1256,APC,BX500CI,6614,11.08.2022,17:04:46
1257,APC,BX750MI,10543,11.08.2022,17:04:46
1258,APC,BX750MI-GR,11168,11.08.2022,17:04:46
1259,APC,BX950MI,14016,11.08.2022,17:04:46
1260,APC,SC620I,27796,11.08.2022,17:04:46
1261,APC,SMC2000I,73415,11.08.2022,17:04:46
1262,APC,SMC3000I,123463,11.08.2022,17:04:46
1263,APC,SMC3000RMI2U,156823,11.08.2022,17:04:46
1264,APC,SMT1000I,58652,11.08.2022,17:04:46
1265,APC,SMT1500I,83500,11.08.2022,17:04:46
1266,APC,SMT3000RMI2U,241686,11.08.2022,17:04:46
1267,APC,SRT1000RMXLI,126885,11.08.2022,17:04:46
1268,APC,SRT1000XLI,79355,11.08.2022,17:04:46
1269,CyberPower,BR1200ELCD,14418,11.08.2022,17:04:46
1270,CyberPower,BR700ELCD,8503,11.08.2022,17:04:46
1271,CyberPower,CP900EPFCLCD,13905,11.08.2022,17:04:46
1272,CyberPower,OL1000ERTXL2U,91937,11.08.2022,17:04:46
1273,CyberPower,OL1500ERTXL2U,98194,11.08.2022,17:04:46
1274,CyberPower,OLS1000ERT2UA,47738,11.08.2022,17:04:46
1275,CyberPower,OLS2000EC,36161,11.08.2022,17:04:46
1276,CyberPower,OLS6000EC,136611,11.08.2022,17:04:46
1277,CyberPower,OR1000ELCDRM1U,31304,11.08.2022,17:04:46
1278,CyberPower,PLT1000ELCDRT2U,27152,11.08.2022,17:04:46
1279,CyberPower,PLT2000ELCDRT2U,40989,11.08.2022,17:04:46
1280,CyberPower,PLT3000ELCDRT2U,51202,11.08.2022,17:04:46
1281,CyberPower,PR1000ERTXL2U,70069,11.08.2022,17:04:46
1282,CyberPower,PR2200ERTXL2U,88638,11.08.2022,17:04:46
1283,CyberPower,PR2200ERTXL2UA,118401,11.08.2022,17:04:46
1284,CyberPower,PR750ELCD,35949,11.08.2022,17:04:46
1285,CyberPower,UTC850EI,4218,11.08.2022,17:04:46
1286,CyberPower,VP1000EILCD,8580,11.08.2022,17:04:46
1287,CyberPower,VP1200EILCD,14979,11.08.2022,17:04:46
1288,CyberPower,VP1200ELCD,16273,11.08.2022,17:04:46
1289,CyberPower,VP1600EILCD,16732,11.08.2022,17:04:46
1290,DKC,INFO1200S,9048,11.08.2022,17:04:46
1291,DKC,INFO600S,4506,11.08.2022,17:04:46
1292,DKC,INFO650SI,3277,11.08.2022,17:04:46
1293,DKC,INFO800S,5653,11.08.2022,17:04:46
1294,DKC,INFOLCD1200I,10414,11.08.2022,17:04:46
1295,DKC,INFOLCD1500I,13166,11.08.2022,17:04:46
1296,DKC,INFOLCD1500S,13166,11.08.2022,17:04:46
1297,DKC,INFOLCD2000SI,16945,11.08.2022,17:04:46
1298,DKC,INFOLCD600I,5371,11.08.2022,17:04:46
1299,DKC,INFOLCD800I,7024,11.08.2022,17:04:46
1300,DKC,INFOPDU600,6396,11.08.2022,17:04:46
1301,DKC,INFOPDU800,7150,11.08.2022,17:04:46
1302,DKC,INFORPRO1000I,26561,11.08.2022,17:04:46
1303,APC,Back-UPS,13807,11.08.2022,11:51:22
1304,APC,BR900G-RS,27372,11.08.2022,11:51:22
1305,APC,BR900MI,21437,11.08.2022,11:51:22
1306,APC,BVX1600LI-GR,12020,11.08.2022,11:51:22
1307,APC,BVX900LI-GR,8584,11.08.2022,11:51:22
1308,APC,BX1600MI,19696,11.08.2022,11:51:22
1309,APC,BX500CI,6615,11.08.2022,11:51:22
1310,APC,BX750MI-GR,11193,11.08.2022,11:51:22
1311,APC,BX950MI,14048,11.08.2022,11:51:22
1312,APC,SC420I,16616,11.08.2022,11:51:22
1313,APC,SC620I,27796,11.08.2022,11:51:22
1314,APC,SMC2000I,73582,11.08.2022,11:51:22
1315,APC,SMC3000I,123746,11.08.2022,11:51:22
1316,APC,SMT1500I,83691,11.08.2022,11:51:22
1317,APC,SMT1500RMI2U,111063,11.08.2022,11:51:22
1318,APC,SMT2200RMI2U,187132,11.08.2022,11:51:22
1319,APC,SMT3000RMI2U,242238,11.08.2022,11:51:22
1320,APC,SRT1000RMXLI,127175,11.08.2022,11:51:22
1321,APC,SRT1000XLI,79536,11.08.2022,11:51:22
1322,APC,SRT2200RMXLI-NC,211822,11.08.2022,11:51:22
1323,CyberPower,BR1200ELCD,14451,11.08.2022,11:51:22
1324,CyberPower,BR700ELCD,8523,11.08.2022,11:51:22
1325,CyberPower,CP900EPFCLCD,13905,11.08.2022,11:51:22
1326,CyberPower,OL1000ERTXL2U,92147,11.08.2022,11:51:22
1327,CyberPower,OL1500ERTXL2U,98194,11.08.2022,11:51:22
1328,CyberPower,OLS1000ERT2UA,48820,11.08.2022,11:51:22
1329,CyberPower,OLS2000EC,36161,11.08.2022,11:51:22
1330,CyberPower,OLS6000EC,136923,11.08.2022,11:51:22
1331,CyberPower,OR1000ELCDRM1U,31376,11.08.2022,11:51:22
1332,CyberPower,PLT1000ELCDRT2U,29164,11.08.2022,11:51:22
1333,CyberPower,PLT2000ELCDRT2U,41082,11.08.2022,11:51:22
1334,CyberPower,PLT3000ELCDRT2U,51202,11.08.2022,11:51:22
1335,CyberPower,PR1000ERTXL2U,70231,11.08.2022,11:51:22
1336,CyberPower,PR2200ERTXL2U,88843,11.08.2022,11:51:22
1337,CyberPower,PR2200ERTXL2UA,127989,11.08.2022,11:51:22
1338,CyberPower,PR750ELCD,36524,11.08.2022,11:51:22
1339,CyberPower,UTC650E,2439,11.08.2022,11:51:22
1340,CyberPower,UTC850EI,3024,11.08.2022,11:51:22
1341,CyberPower,VP1000EILCD,9416,11.08.2022,11:51:22
1342,CyberPower,VP1200EILCD,15013,11.08.2022,11:51:22
1343,CyberPower,VP1200ELCD,15395,11.08.2022,11:51:22
1344,CyberPower,VP1600EILCD,16770,11.08.2022,11:51:22
1345,DKC,INFO1200S,9048,11.08.2022,11:51:22
1346,DKC,INFO600S,4506,11.08.2022,11:51:22
1347,DKC,INFO650SI,3277,11.08.2022,11:51:22
1348,DKC,INFO800S,5653,11.08.2022,11:51:22
1349,DKC,INFOLCD1200I,10414,11.08.2022,11:51:22
1350,DKC,INFOLCD1500I,13166,11.08.2022,11:51:22
1351,DKC,INFOLCD1500S,13166,11.08.2022,11:51:22
1352,DKC,INFOLCD2000SI,16945,11.08.2022,11:51:22
1353,DKC,INFOLCD600I,5371,11.08.2022,11:51:22
1354,APC,Back-UPS,13807,11.08.2022,11:56:10
1355,APC,BR900G-RS,27372,11.08.2022,11:56:10
1356,APC,BR900MI,21437,11.08.2022,11:56:10
1357,APC,BVX1600LI-GR,12020,11.08.2022,11:56:10
1358,APC,BVX900LI-GR,8584,11.08.2022,11:56:10
1359,APC,BX1600MI,19696,11.08.2022,11:56:10
1360,APC,BX500CI,6615,11.08.2022,11:56:10
1361,APC,BX750MI-GR,11193,11.08.2022,11:56:10
1362,APC,BX950MI,14048,11.08.2022,11:56:10
1363,APC,SC420I,16616,11.08.2022,11:56:10
1364,APC,SC620I,27796,11.08.2022,11:56:10
1365,APC,SMC2000I,73582,11.08.2022,11:56:10
1366,APC,SMC3000I,123746,11.08.2022,11:56:10
1367,APC,SMT1500I,83691,11.08.2022,11:56:10
1368,APC,SMT1500RMI2U,111063,11.08.2022,11:56:10
1369,APC,SMT2200RMI2U,187132,11.08.2022,11:56:10
1370,APC,SMT3000RMI2U,242238,11.08.2022,11:56:10
1371,APC,SRT1000RMXLI,127175,11.08.2022,11:56:10
1372,APC,SRT1000XLI,79536,11.08.2022,11:56:10
1373,APC,SRT2200RMXLI-NC,211822,11.08.2022,11:56:10
1374,CyberPower,BR700ELCD,8523,11.08.2022,11:56:10
1375,CyberPower,CP900EPFCLCD,13905,11.08.2022,11:56:10
1376,CyberPower,OL1000ERTXL2U,92147,11.08.2022,11:56:10
1377,CyberPower,OL1500ERTXL2U,98194,11.08.2022,11:56:10
1378,CyberPower,OLS1000ERT2UA,48820,11.08.2022,11:56:10
1379,CyberPower,OLS2000EC,36161,11.08.2022,11:56:10
1380,CyberPower,OLS6000EC,136923,11.08.2022,11:56:10
1381,CyberPower,OR1000ELCDRM1U,31376,11.08.2022,11:56:10
1382,CyberPower,PLT1000ELCDRT2U,29164,11.08.2022,11:56:10
1383,CyberPower,PLT2000ELCDRT2U,41082,11.08.2022,11:56:10
1384,CyberPower,PLT3000ELCDRT2U,51202,11.08.2022,11:56:10
1385,CyberPower,PR1000ERTXL2U,70231,11.08.2022,11:56:10
1386,CyberPower,PR2200ERTXL2U,88843,11.08.2022,11:56:10
1387,CyberPower,PR2200ERTXL2UA,127989,11.08.2022,11:56:10
1388,CyberPower,PR750ELCD,36524,11.08.2022,11:56:10
1389,CyberPower,UTC650E,2439,11.08.2022,11:56:10
1390,CyberPower,UTC850EI,3024,11.08.2022,11:56:10
1391,CyberPower,VP1000EILCD,9416,11.08.2022,11:56:10
1392,CyberPower,VP1200EILCD,15013,11.08.2022,11:56:10
1393,CyberPower,VP1200ELCD,15395,11.08.2022,11:56:10
1394,CyberPower,VP1600EILCD,16770,11.08.2022,11:56:10
1395,DKC,INFO1200S,9048,11.08.2022,11:56:10
1396,DKC,INFO600S,4506,11.08.2022,11:56:10
1397,DKC,INFO650SI,3277,11.08.2022,11:56:10
1398,DKC,INFO800S,5653,11.08.2022,11:56:10
1399,DKC,INFOLCD1200I,10414,11.08.2022,11:56:10
1400,DKC,INFOLCD1500I,13166,11.08.2022,11:56:10
1401,DKC,INFOLCD1500S,13166,11.08.2022,11:56:10
1402,DKC,INFOLCD2000SI,16945,11.08.2022,11:56:10
1403,DKC,INFOLCD600I,5371,11.08.2022,11:56:10
1404,DKC,INFOLCD800I,7024,11.08.2022,11:56:10
1405,APC,Back-UPS,13807,11.08.2022,11:57:32
1406,APC,BR900G-RS,27372,11.08.2022,11:57:32
1407,APC,BR900MI,21437,11.08.2022,11:57:32
1408,APC,BVX1600LI-GR,12020,11.08.2022,11:57:32
1409,APC,BVX900LI-GR,8584,11.08.2022,11:57:32
1410,APC,BX1600MI,19696,11.08.2022,11:57:32
1411,APC,BX500CI,6615,11.08.2022,11:57:32
1412,APC,BX750MI-GR,11193,11.08.2022,11:57:32
1413,APC,BX950MI,14048,11.08.2022,11:57:32
1414,APC,SC420I,16616,11.08.2022,11:57:32
1415,APC,SC620I,27796,11.08.2022,11:57:32
1416,APC,SMC2000I,73582,11.08.2022,11:57:32
1417,APC,SMC3000I,123746,11.08.2022,11:57:32
1418,APC,SMT1500I,83691,11.08.2022,11:57:32
1419,APC,SMT1500RMI2U,111063,11.08.2022,11:57:32
1420,APC,SMT2200RMI2U,187132,11.08.2022,11:57:32
1421,APC,SMT3000RMI2U,242238,11.08.2022,11:57:32
1422,APC,SRT1000RMXLI,127175,11.08.2022,11:57:32
1423,APC,SRT1000XLI,79536,11.08.2022,11:57:32
1424,APC,SRT2200RMXLI-NC,211822,11.08.2022,11:57:32
1425,CyberPower,BR700ELCD,8523,11.08.2022,11:57:32
1426,CyberPower,CP900EPFCLCD,13905,11.08.2022,11:57:32
1427,CyberPower,OL1000ERTXL2U,92147,11.08.2022,11:57:32
1428,CyberPower,OL1500ERTXL2U,98194,11.08.2022,11:57:32
1429,CyberPower,OLS1000ERT2UA,48820,11.08.2022,11:57:32
1430,CyberPower,OLS2000EC,36161,11.08.2022,11:57:32
1431,CyberPower,OLS6000EC,136923,11.08.2022,11:57:32
1432,CyberPower,OR1000ELCDRM1U,31376,11.08.2022,11:57:32
1433,CyberPower,PLT1000ELCDRT2U,29164,11.08.2022,11:57:32
1434,CyberPower,PLT2000ELCDRT2U,41082,11.08.2022,11:57:32
1435,CyberPower,PLT3000ELCDRT2U,51202,11.08.2022,11:57:32
1436,CyberPower,PR1000ERTXL2U,70231,11.08.2022,11:57:32
1437,CyberPower,PR2200ERTXL2U,88843,11.08.2022,11:57:32
1438,CyberPower,PR2200ERTXL2UA,127989,11.08.2022,11:57:32
1439,CyberPower,PR750ELCD,36524,11.08.2022,11:57:32
1440,CyberPower,UTC650E,2439,11.08.2022,11:57:32
1441,CyberPower,UTC850EI,3024,11.08.2022,11:57:32
1442,CyberPower,VP1000EILCD,9416,11.08.2022,11:57:32
1443,CyberPower,VP1200EILCD,15013,11.08.2022,11:57:32
1444,CyberPower,VP1200ELCD,15395,11.08.2022,11:57:32
1445,CyberPower,VP1600EILCD,16770,11.08.2022,11:57:32
1446,DKC,INFO1200S,9048,11.08.2022,11:57:32
1447,DKC,INFO600S,4506,11.08.2022,11:57:32
1448,DKC,INFO650SI,3277,11.08.2022,11:57:32
1449,DKC,INFO800S,5653,11.08.2022,11:57:32
1450,DKC,INFOLCD1200I,10414,11.08.2022,11:57:32
1451,DKC,INFOLCD1500I,13166,11.08.2022,11:57:32
1452,DKC,INFOLCD1500S,13166,11.08.2022,11:57:32
1453,DKC,INFOLCD2000SI,16945,11.08.2022,11:57:32
1454,DKC,INFOLCD600I,5371,11.08.2022,11:57:32
1455,DKC,INFOLCD800I,7024,11.08.2022,11:57:32
1456,APC,Back-UPS,13807,11.08.2022,11:57:32
1457,APC,BR900G-RS,27372,11.08.2022,11:57:32
1458,APC,BR900MI,21437,11.08.2022,11:57:32
1459,APC,BVX1600LI-GR,12020,11.08.2022,11:57:32
1460,APC,BVX900LI-GR,8584,11.08.2022,11:57:32
1461,APC,BX1600MI,19696,11.08.2022,11:57:32
1462,APC,BX500CI,6615,11.08.2022,11:57:32
1463,APC,BX750MI-GR,11193,11.08.2022,11:57:32
1464,APC,BX950MI,14048,11.08.2022,11:57:32
1465,APC,SC420I,16616,11.08.2022,11:57:32
1466,APC,SC620I,27796,11.08.2022,11:57:32
1467,APC,SMC2000I,73582,11.08.2022,11:57:32
1468,APC,SMC3000I,123746,11.08.2022,11:57:32
1469,APC,SMT1500I,83691,11.08.2022,11:57:32
1470,APC,SMT1500RMI2U,111063,11.08.2022,11:57:32
1471,APC,SMT2200RMI2U,187132,11.08.2022,11:57:32
1472,APC,SMT3000RMI2U,242238,11.08.2022,11:57:32
1473,APC,SRT1000RMXLI,127175,11.08.2022,11:57:32
1474,APC,SRT1000XLI,79536,11.08.2022,11:57:32
1475,APC,SRT2200RMXLI-NC,211822,11.08.2022,11:57:32
1476,CyberPower,BR700ELCD,8523,11.08.2022,11:57:32
1477,CyberPower,CP900EPFCLCD,13905,11.08.2022,11:57:32
1478,CyberPower,OL1000ERTXL2U,92147,11.08.2022,11:57:32
1479,CyberPower,OL1500ERTXL2U,98194,11.08.2022,11:57:32
1480,CyberPower,OLS1000ERT2UA,48820,11.08.2022,11:57:32
1481,CyberPower,OLS2000EC,36161,11.08.2022,11:57:32
1482,CyberPower,OLS6000EC,136923,11.08.2022,11:57:32
1483,CyberPower,OR1000ELCDRM1U,31376,11.08.2022,11:57:32
1484,CyberPower,PLT1000ELCDRT2U,29164,11.08.2022,11:57:32
1485,CyberPower,PLT2000ELCDRT2U,41082,11.08.2022,11:57:32
1486,CyberPower,PLT3000ELCDRT2U,51202,11.08.2022,11:57:32
1487,CyberPower,PR1000ERTXL2U,70231,11.08.2022,11:57:32
1488,CyberPower,PR2200ERTXL2U,88843,11.08.2022,11:57:32
1489,CyberPower,PR2200ERTXL2UA,127989,11.08.2022,11:57:32
1490,CyberPower,PR750ELCD,36524,11.08.2022,11:57:32
1491,CyberPower,UTC650E,2439,11.08.2022,11:57:32
1492,CyberPower,UTC850EI,3024,11.08.2022,11:57:32
1493,CyberPower,VP1000EILCD,9416,11.08.2022,11:57:32
1494,CyberPower,VP1200EILCD,15013,11.08.2022,11:57:32
1495,CyberPower,VP1200ELCD,15395,11.08.2022,11:57:32
1496,CyberPower,VP1600EILCD,16770,11.08.2022,11:57:32
1497,DKC,INFO1200S,9048,11.08.2022,11:57:32
1498,DKC,INFO600S,4506,11.08.2022,11:57:32
1499,DKC,INFO650SI,3277,11.08.2022,11:57:32
1500,DKC,INFO800S,5653,11.08.2022,11:57:32
1501,DKC,INFOLCD1200I,10414,11.08.2022,11:57:32
1502,DKC,INFOLCD1500I,13166,11.08.2022,11:57:32
1503,DKC,INFOLCD1500S,13166,11.08.2022,11:57:32
1504,DKC,INFOLCD2000SI,16945,11.08.2022,11:57:32
1505,DKC,INFOLCD600I,5371,11.08.2022,11:57:32
1506,DKC,INFOLCD800I,7024,11.08.2022,11:57:32
1507,APC,Back-UPS,13807,11.08.2022,12:15:41
1508,APC,BR900G-RS,27372,11.08.2022,12:15:41
1509,APC,BR900MI,21437,11.08.2022,12:15:41
1510,APC,BVX1600LI-GR,12020,11.08.2022,12:15:41
1511,APC,BVX900LI-GR,8584,11.08.2022,12:15:41
1512,APC,BX1600MI,19696,11.08.2022,12:15:41
1513,APC,BX500CI,6615,11.08.2022,12:15:41
1514,APC,BX750MI-GR,11193,11.08.2022,12:15:41
1515,APC,BX950MI,14048,11.08.2022,12:15:41
1516,APC,SC420I,16616,11.08.2022,12:15:41
1517,APC,SC620I,27796,11.08.2022,12:15:41
1518,APC,SMC2000I,73582,11.08.2022,12:15:41
1519,APC,SMC3000I,123746,11.08.2022,12:15:41
1520,APC,SMT1500I,83691,11.08.2022,12:15:41
1521,APC,SMT1500RMI2U,111063,11.08.2022,12:15:41
1522,APC,SMT2200RMI2U,187132,11.08.2022,12:15:41
1523,APC,SMT3000RMI2U,242238,11.08.2022,12:15:41
1524,APC,SRT1000RMXLI,127175,11.08.2022,12:15:41
1525,APC,SRT1000XLI,79536,11.08.2022,12:15:41
1526,APC,SRT2200RMXLI-NC,211822,11.08.2022,12:15:41
1527,CyberPower,BR700ELCD,8523,11.08.2022,12:15:41
1528,CyberPower,CP900EPFCLCD,13905,11.08.2022,12:15:41
1529,CyberPower,OL1000ERTXL2U,92147,11.08.2022,12:15:41
1530,CyberPower,OL1500ERTXL2U,98194,11.08.2022,12:15:41
1531,CyberPower,OLS1000ERT2UA,48820,11.08.2022,12:15:41
1532,CyberPower,OLS2000EC,36161,11.08.2022,12:15:41
1533,CyberPower,OLS6000EC,136923,11.08.2022,12:15:41
1534,CyberPower,OR1000ELCDRM1U,31376,11.08.2022,12:15:41
1535,CyberPower,PLT1000ELCDRT2U,29164,11.08.2022,12:15:41
1536,CyberPower,PLT2000ELCDRT2U,41082,11.08.2022,12:15:41
1537,CyberPower,PLT3000ELCDRT2U,51202,11.08.2022,12:15:41
1538,CyberPower,PR1000ERTXL2U,70231,11.08.2022,12:15:41
1539,CyberPower,PR2200ERTXL2U,88843,11.08.2022,12:15:41
1540,CyberPower,PR2200ERTXL2UA,127989,11.08.2022,12:15:41
1541,CyberPower,PR750ELCD,36524,11.08.2022,12:15:41
1542,CyberPower,UTC650E,2439,11.08.2022,12:15:41
1543,CyberPower,UTC850EI,3024,11.08.2022,12:15:41
1544,CyberPower,VP1000EILCD,9416,11.08.2022,12:15:41
1545,CyberPower,VP1200EILCD,15013,11.08.2022,12:15:41
1546,CyberPower,VP1200ELCD,15395,11.08.2022,12:15:41
1547,CyberPower,VP1600EILCD,16770,11.08.2022,12:15:41
1548,DKC,INFO1200S,9048,11.08.2022,12:15:41
1549,DKC,INFO600S,4506,11.08.2022,12:15:41
1550,DKC,INFO650SI,3277,11.08.2022,12:15:41
1551,DKC,INFO800S,5653,11.08.2022,12:15:41
1552,DKC,INFOLCD1200I,10414,11.08.2022,12:15:41
1553,DKC,INFOLCD1500I,13166,11.08.2022,12:15:41
1554,DKC,INFOLCD1500S,13166,11.08.2022,12:15:41
1555,DKC,INFOLCD2000SI,16945,11.08.2022,12:15:41
1556,DKC,INFOLCD600I,5371,11.08.2022,12:15:41
1557,DKC,INFOLCD800I,7024,11.08.2022,12:15:41
1558,DKC,INFOPDU600,6396,11.08.2022,12:15:41
1559,DKC,INFOPDU800,7150,11.08.2022,12:15:41
1560,DKC,INFORPRO1000I,26561,11.08.2022,12:15:41
1561,DKC,INFORPRO3000I,51909,11.08.2022,12:15:41
1562,DKC,SMALLT3A0PS,44246,11.08.2022,12:15:41
1563,Eaton,9E 1000I,26697,11.08.2022,12:15:41
1564,Eaton,9SX1000I,37542,11.08.2022,12:15:41
1565,Eaton,9SX1000IR,62222,11.08.2022,12:15:41
1566,Eaton,9SX2000IR,109369,11.08.2022,12:15:41
1567,Eaton,9SX3000I,109495,11.08.2022,12:15:41
1568,Eaton,9SX3000IR,140653,11.08.2022,12:15:41
1569,Ippon,Back Basic 1050,5090,11.08.2022,12:15:41
1570,Ippon,Back Basic 1500 Euro,10490,11.08.2022,12:15:41
1571,Ippon,Back Basic 850,3098,11.08.2022,12:15:41
1572,Ippon,Back Basic 850S Euro,3579,11.08.2022,12:15:41
1573,Ippon,Back Comfo Pro II 1050,11290,11.08.2022,12:15:41
1574,Ippon,Back Comfo Pro II 650,6490,11.08.2022,12:15:41
1575,Ippon,Back Office 400,2587,11.08.2022,12:15:41
1576,Ippon,Back Power Pro II 600,5653,11.08.2022,12:15:41
1577,Ippon,Back Verso 400,3628,11.08.2022,12:15:41
1578,Ippon,Back Verso 600,3958,11.08.2022,12:15:41
1579,Ippon,Back Verso 800,4954,11.08.2022,12:15:41
1580,Ippon,Innova G2 1000,16419,11.08.2022,12:15:41
1581,Ippon,Innova G2 2000,34190,11.08.2022,12:15:41
1582,Ippon,Innova G2 3000,39990,11.08.2022,12:15:41
1583,Ippon,Innova RT 1500,43990,11.08.2022,12:15:41
1584,Ippon,Innova RT 2000,44620,11.08.2022,12:15:41
1585,Ippon,Innova RT 3000,71990,11.08.2022,12:15:41
1586,Ippon,Innova RT II 2000,49536,11.08.2022,12:15:41
1587,Ippon,Smart Power Pro II 1200 Euro,11590,11.08.2022,12:15:41
1588,Ippon,Smart Winner II 1000,22652,11.08.2022,12:15:41
1589,Ippon,Smart Winner II 1500,32490,11.08.2022,12:15:41
1590,Ippon,Smart Winner II 1550 1U,37730,11.08.2022,12:15:41
1591,Ippon,Smart Winner II 3000,47019,11.08.2022,12:15:41
1592,Powercom,IMP-2000AP,12652,11.08.2022,12:15:41
1593,Powercom,KIN-1200AP LCD,19200,11.08.2022,12:15:41
1594,Powercom,KIN-1500AP LCD,22508,11.08.2022,12:15:41
1595,Powercom,MAC-3000,34969,11.08.2022,12:15:41
1596,Powercom,RPT-1000A,4007,11.08.2022,12:15:41
1597,Powercom,RPT-1000AP,4741,11.08.2022,12:15:41
1598,Powercom,RPT-1000AP EURO,5454,11.08.2022,12:15:41
1599,Powercom,RPT-1000A EURO,4090,11.08.2022,12:15:41
1600,Powercom,RPT-2000AP-LCD,11289,11.08.2022,12:15:41
1601,Powercom,RPT-600A,2693,11.08.2022,12:15:41
1602,Powercom,RPT-600AP,3468,11.08.2022,12:15:41
1603,Powercom,RPT-800A EURO,3580,11.08.2022,12:15:41
1604,Powercom,SPD-1000N,5382,11.08.2022,12:15:41
1605,Powercom,SPD-1000N,5117,11.08.2022,12:15:41
1606,Powercom,SPD-450N,3486,11.08.2022,12:15:41
1607,Powercom,SPD-650N,4217,11.08.2022,12:15:41
1608,Powercom,SPD-850N,4800,11.08.2022,12:15:41
1609,Powercom,SPD-900U LCD,6949,11.08.2022,12:15:41
1610,Powercom,SPD-900U LCD USB,7159,11.08.2022,12:15:41
1611,Powercom,SPR-2000 LCD,27252,11.08.2022,12:15:41
1612,Powercom,SPT-1500-II-LCD,15233,11.08.2022,12:15:41
1613,Powercom,WOW-1000U,6524,11.08.2022,12:15:41
1614,Powercom,WOW-300,2967,11.08.2022,12:15:41
1615,Powercom,WOW-500U,4104,11.08.2022,12:15:41
1616,Powercom,WOW-700U,4555,11.08.2022,12:15:41
1617,Sven,Pro 1500,7695,11.08.2022,12:15:41
1618,Sven,Pro 400,2902,11.08.2022,12:15:41
1619,Sven,Pro 600,3550,11.08.2022,12:15:41
1620,Sven,Pro 650,3748,11.08.2022,12:15:41
1621,Sven,Pro 800,3930,11.08.2022,12:15:41
1622,Sven,RT-500,7155,11.08.2022,12:15:41
1623,Sven,UP-L1000E,4692,11.08.2022,12:15:41
1624,APC,BX750MI,10567,11.08.2022,12:15:41
1625,APC,SMC2000I-2U,136259,11.08.2022,12:15:41
1626,APC,SMT1500RMI1U,119040,11.08.2022,12:15:41
1627,APC,SMT750RMI2UNC,104276,11.08.2022,12:15:41
1628,APC,SMX3000HV,182170,11.08.2022,12:15:41
1629,APC,SMX3000HVNC,228426,11.08.2022,12:15:41
1630,APC,SMX3000RMHV2U,216610,11.08.2022,12:15:41
1631,APC,SMX3000RMHV2UNC,248117,11.08.2022,12:15:41
1632,APC,SMX750I,81876,11.08.2022,12:15:41
1633,APC,SRT1000UXI-LI+XBP48RM1U-LI,195566,11.08.2022,12:15:41
1634,APC,SRT2200XLI,193791,11.08.2022,12:15:41
1635,APC,SRT3000XLI,311881,11.08.2022,12:15:41
1636,APC,SRTG15KXLI,1174251,11.08.2022,12:15:41
1637,APC,SUA750RMI1U,54931,11.08.2022,12:15:41
1638,APC,SURT1000XLIM,161085,11.08.2022,12:15:41
1639,CyberPower,BR1000ELCD,10234,11.08.2022,12:15:41
1640,CyberPower,BR1200ELCD,14451,11.08.2022,12:15:41
1641,CyberPower,BS650E,5616,11.08.2022,12:15:41
1642,CyberPower,BS650E NEW,5946,11.08.2022,12:15:41
1643,CyberPower,BS850E,7400,11.08.2022,12:15:41
1644,CyberPower,BS850E NEW,6690,11.08.2022,12:15:41
1645,CyberPower,BU725E,3430,11.08.2022,12:15:41
1646,CyberPower,OL10KERT3UPM,278083,11.08.2022,12:15:41
1647,CyberPower,OL2000ERTXL2U,124549,11.08.2022,12:15:41
1648,CyberPower,OL5KERTHD,239933,11.08.2022,12:15:41
1649,CyberPower,OL6KERT3UPM,221996,11.08.2022,12:15:41
1650,CyberPower,OL6KERTHD,302505,11.08.2022,12:15:41
1651,CyberPower,OLS6000ERT6Ua,184298,11.08.2022,12:15:41
1652,CyberPower,OR600ERM1U,20710,11.08.2022,12:15:41
1653,CyberPower,PR1000ELCDRTXL2U,73999,11.08.2022,12:15:41
1654,CyberPower,PR1500ERTXL2U,80120,11.08.2022,12:15:41
1655,CyberPower,PR6000ELCDRTXL5U,297907,11.08.2022,12:15:41
1656,CyberPower,SMP350EI,6973,11.08.2022,12:15:41
1657,CyberPower,SMP550EI,7914,11.08.2022,12:15:41
1658,CyberPower,UT1100EIG,6250,11.08.2022,12:15:41
1659,CyberPower,UT1500EI,8700,11.08.2022,12:15:41
1660,CyberPower,UT650EG,3261,11.08.2022,12:15:41
1661,CyberPower,UT650EIG,3374,11.08.2022,12:15:41
1662,CyberPower,UT850EG,4286,11.08.2022,12:15:41
1663,CyberPower,UT850EIG,4217,11.08.2022,12:15:41
1664,CyberPower,UTC650EI,2024,11.08.2022,12:15:41
1665,CyberPower,UTI675E,2549,11.08.2022,12:15:41
1666,CyberPower,UTI675EI,2699,11.08.2022,12:15:41
1667,CyberPower,UTI875E,3564,11.08.2022,12:15:41
1668,CyberPower,UTI875EI,3564,11.08.2022,12:15:41
1669,CyberPower,VALUE 1200EILCD,13592,11.08.2022,12:15:41
1670,CyberPower,VALUE 600EI,3640,11.08.2022,12:15:41
1671,CyberPower,VALUE 600EI,3711,11.08.2022,12:15:41
1672,CyberPower,VP1000ELCD,9975,11.08.2022,12:15:41
1673,CyberPower,VP700EILCD,8619,11.08.2022,12:15:41
1674,CyberPower,VP700ELCD,8619,11.08.2022,12:15:41
1675,Delta,AMPLON,108070,11.08.2022,12:15:41
1676,Delta,AMPLON RT,94626,11.08.2022,12:15:41
1677,Delta,Electronics Amplon MX,35040,11.08.2022,12:15:41
1678,Delta,Electronics Amplon RT 10,281636,11.08.2022,12:15:41
1679,Delta,UPS103R2RT2N035,135641,11.08.2022,12:15:41
1680,DKC,INFORPRO2000IN,41419,11.08.2022,12:15:41
1681,DKC,INFORPRO3000IN,51909,11.08.2022,12:15:41
1682,DKC,SMALLC2A10I,33653,11.08.2022,12:15:41
1683,DKC,SMALLC2EXTPI,22140,11.08.2022,12:15:41
1684,DKC,SMALLR1A0PI,32411,11.08.2022,12:15:41
1685,DKC,SMALLR1A5I,34904,11.08.2022,12:15:41
1686,DKC,SMALLR2A0PI,52287,11.08.2022,12:15:41
1687,DKC,SMALLR2A5I,59038,11.08.2022,12:15:41
1688,DKC,SMALLR3A0PI,57208,11.08.2022,12:15:41
1689,DKC,SMALLR3A5I,70192,11.08.2022,12:15:41
1690,DKC,SMALLT1A0PS,26095,11.08.2022,12:15:41
1691,DKC,SMALLT2A0PS,40289,11.08.2022,12:15:41
1692,DKC,SMALLT2A10S,47403,11.08.2022,12:15:41
1693,DKC,SOLOMD10A10,492863,11.08.2022,12:15:41
1694,DKC,SOLOMD5A10,328246,11.08.2022,12:15:41
1695,DKC,SOLOMD6A10,362134,11.08.2022,12:15:41
1696,DKC,TRIOTM10A0P,252385,11.08.2022,12:15:41
1697,DKC,TRIOTM20A0P,396606,11.08.2022,12:15:41
1698,DKC,TRIOTT8A10,684506,11.08.2022,12:15:41
1699,DKC,TRIOXT30A0,849878,11.08.2022,12:15:41
1700,DKC,TRIOXT40A0,874073,11.08.2022,12:15:41
1701,DKC,TRIOXT50A0,1019754,11.08.2022,12:15:41
1702,DKC,TRIOXTG40A0,1049179,11.08.2022,12:15:41
1703,DKC,TRIOXTG50A0,1193445,11.08.2022,12:15:41
1704,Eaton,9SX1500I,52837,11.08.2022,12:15:41
1705,Eaton,9SX700I,31980,11.08.2022,12:15:41
1706,Ippon,Back Basic 1500,10757,11.08.2022,12:15:41
1707,Ippon,Back Basic 650,2410,11.08.2022,12:15:41
1708,Ippon,Back Office 600,3149,11.08.2022,12:15:41
1709,Ippon,Innova G2 Euro 2000,49540,11.08.2022,12:15:41
1710,Ippon,Innova RT 1000,38577,11.08.2022,12:15:41
1711,Ippon,Innova RT II 1000,29722,11.08.2022,12:15:41
1712,Ippon,Innova RT II 1500,36590,11.08.2022,12:15:41
1713,Ippon,Smart Power Pro II 2200,14653,11.08.2022,12:15:41
1714,Ippon,Smart Winner II 1150 1U,22370,11.08.2022,12:15:41
1715,Ippon,Smart Winner II 1500 Euro,28401,11.08.2022,12:15:41
1716,Powercom,IMD-1025AP,9786,11.08.2022,12:15:41
1717,Powercom,IMD-1200AP,11415,11.08.2022,12:15:41
1718,Powercom,IMD-1500AP,14056,11.08.2022,12:15:41
1719,Powercom,IMD-2000AP,16060,11.08.2022,12:15:41
1720,Powercom,IMD-525AP,5398,11.08.2022,12:15:41
1721,Powercom,IMD-625AP,6283,11.08.2022,12:15:41
1722,Powercom,IMD-825AP,8134,11.08.2022,12:15:41
1723,Powercom,IMP-1025AP,10943,11.08.2022,12:15:41
1724,Powercom,IMP-1500AP,13529,11.08.2022,12:15:41
1725,Powercom,IMP-625AP,5566,11.08.2022,12:15:41
1726,Powercom,IMP-825AP,7169,11.08.2022,12:15:41
1727,Powercom,INF-1100,10852,11.08.2022,12:15:41
1728,Powercom,INF-1500,12033,11.08.2022,12:15:41
1729,Powercom,INF-500,8040,11.08.2022,12:15:41
1730,Powercom,INF-800,9503,11.08.2022,12:15:41
1731,Powercom,KIN-1000AP RM,16359,11.08.2022,12:15:41
1732,Powercom,KIN-600AP RM (1U),14914,11.08.2022,12:15:41
1733,Powercom,MAC-1000,20375,11.08.2022,12:15:41
1734,Powercom,MAC-1500,27784,11.08.2022,12:15:41
1735,Powercom,MAC-2000,29857,11.08.2022,12:15:41
1736,Powercom,Macan MRT-3000SE,44434,11.08.2022,12:15:41
1737,Powercom,MRT-2000SE,42122,11.08.2022,12:15:41
1738,Powercom,RPT-1025AP,7517,11.08.2022,12:15:41
1739,Powercom,RPT-1025AP LCD,7907,11.08.2022,12:15:41
1740,Powercom,RPT-1500AP,8547,11.08.2022,12:15:41
1741,Powercom,RPT-1500AP LCD,9502,11.08.2022,12:15:41
1742,Powercom,RPT-2000AP,9782,11.08.2022,12:15:41
1743,Powercom,RPT-600A,2698,11.08.2022,12:15:41
1744,Powercom,RPT-800A,3148,11.08.2022,12:15:41
1745,Powercom,RPT-800AP,3720,11.08.2022,12:15:41
1746,Powercom,SMART KING PRO+,18061,11.08.2022,12:15:41
1747,Powercom,SNT-1000,31404,11.08.2022,12:15:41
1748,Powercom,SNT-1500,34818,11.08.2022,12:15:41
1749,Powercom,SNT-2000,48923,11.08.2022,12:15:41
1750,Powercom,SPD-1000U,7872,11.08.2022,12:15:41
1751,Powercom,SPD-450N,3827,11.08.2022,12:15:41
1752,Powercom,SPD-550U LCD,5511,11.08.2022,12:15:41
1753,Powercom,SPD-550U LCD USB,5622,11.08.2022,12:15:41
1754,Powercom,SPD-650U,6353,11.08.2022,12:15:41
1755,Powercom,SPD-750U LCD,6382,11.08.2022,12:15:41
1756,Powercom,SPD-750U LCD USB,6330,11.08.2022,12:15:41
1757,Powercom,SPR-1000 LCD,17290,11.08.2022,12:15:41
1758,Powercom,SPR-1500 LCD,18820,11.08.2022,12:15:41
1759,Powercom,SPR-3000 LCD,36050,11.08.2022,12:15:41
1760,Powercom,SPT-1000-II-LCD,13530,11.08.2022,12:15:41
1761,Powercom,SPT-2000-II-LCD,18225,11.08.2022,12:15:41
1762,Powercom,SPT-3000-II LCD,25796,11.08.2022,12:15:41
1763,Powercom,SPT-500-II,8496,11.08.2022,12:15:41
1764,Powercom,SPT-700-II,9786,11.08.2022,12:15:41
1765,Powercom,SRT-1000A LCD,24041,11.08.2022,12:15:41
1766,Powercom,SRT-1500A LCD,27870,11.08.2022,12:15:41
1767,Powercom,SRT-2000A LCD,31456,11.08.2022,12:15:41
1768,Powercom,SRT-3000A LCD,39526,11.08.2022,12:15:41
1769,Powercom,VRT-10K,132913,11.08.2022,12:15:41
1770,Powercom,WOW-850U,5792,11.08.2022,12:15:41
1771,Sven,Pro 1000,5760,11.08.2022,12:15:41
1772,APC,SRT3000RMXLI,314205,11.08.2022,12:15:41
1773,APC,SRT3000RMXLI,314205,11.08.2022,12:15:41
1774,APC,SRT3000RMXLI,314205,11.08.2022,12:15:41
1775,APC,SRT3000RMXLI,314205,11.08.2022,12:15:41
1776,APC,SRT3000RMXLI,314205,11.08.2022,12:15:41
1777,APC,SRT3000RMXLI,314205,11.08.2022,12:15:41
1778,APC,SRT3000RMXLI,314205,11.08.2022,12:15:41
1779,APC,SRT3000RMXLI,314205,11.08.2022,12:15:41
1780,APC,SRT3000RMXLI,314205,11.08.2022,12:15:41
1781,APC,SRT3000RMXLI,314205,11.08.2022,12:15:41
1782,APC,SRT3000RMXLI,314205,11.08.2022,12:15:41
1783,APC,SRT3000RMXLI,314205,11.08.2022,12:15:41
1784,APC,SRT3000RMXLI,314205,11.08.2022,12:15:41
1785,APC,SRT3000RMXLI,314205,11.08.2022,12:15:41
1786,APC,SRT3000RMXLI,314205,11.08.2022,12:15:41
1787,APC,SRT3000RMXLI,314205,11.08.2022,12:15:41
1788,APC,SRT3000RMXLI,314205,11.08.2022,12:15:41
1789,APC,SRT3000RMXLI,314205,11.08.2022,12:15:41
1790,APC,SRT3000RMXLI,314205,11.08.2022,12:15:41
1791,APC,SRT3000RMXLI,314205,11.08.2022,12:15:41
1792,APC,SRT3000RMXLI,314205,11.08.2022,12:15:41
1793,APC,SRT3000RMXLI,314205,11.08.2022,12:15:41
1794,APC,SRT3000RMXLI,314205,11.08.2022,12:15:41
1795,APC,SRT3000RMXLI,314205,11.08.2022,12:15:41
1796,APC,SRT3000RMXLI,314205,11.08.2022,12:15:41
1797,APC,SRT3000RMXLI,314205,11.08.2022,12:15:41
1798,APC,SRT3000RMXLI,314205,11.08.2022,12:15:41
1799,APC,SRT3000RMXLI,314205,11.08.2022,12:15:41
1800,APC,SRT3000RMXLI,314205,11.08.2022,12:15:41
1801,APC,SRT3000RMXLI,314205,11.08.2022,12:15:41
1802,APC,SRT3000RMXLI,314205,11.08.2022,12:15:41
1803,APC,SRT3000RMXLI,314205,11.08.2022,12:15:41
1804,APC,SRT3000RMXLI,314205,11.08.2022,12:15:41
1805,APC,SRT3000RMXLI,314205,11.08.2022,12:15:41
1806,APC,SRT3000RMXLI,314205,11.08.2022,12:15:41
1807,APC,SRT3000RMXLI,314205,11.08.2022,12:15:41
1808,APC,SRT3000RMXLI,314205,11.08.2022,12:15:41
1809,APC,SRT3000RMXLI,314205,11.08.2022,12:15:41
1810,APC,SRT3000RMXLI,314205,11.08.2022,12:15:41
1811,APC,SRT3000RMXLI,314205,11.08.2022,12:15:41
1812,APC,SRT3000RMXLI,314205,11.08.2022,12:15:41
1813,APC,SRT3000RMXLI,314205,11.08.2022,12:15:41
1814,APC,SRT3000RMXLI,314205,11.08.2022,12:15:41
1815,APC,SRT3000RMXLI,314205,11.08.2022,12:15:41
1816,APC,SRT3000RMXLI,314205,11.08.2022,12:15:41
1817,APC,SRT3000RMXLI,314205,11.08.2022,12:15:41
